Brand,Screen_Size,CPU_Model,Ram,Rating,Graphics,Disk_Size,Price
hp,15.6,i5,16.0,4.350696378830084,intel,512.0,69999.0
hp,15.6,i5,8.0,4.350696378830084,intel,512.0,66999.0
hp,14.0,i3,8.0,4.350696378830084,intel,512.0,66999.0
hp,16.0,ultra7,32.0,4.350696378830084,intel,1024.0,149999.0
hp,14.0,ultra7,16.0,4.350696378830084,intel,512.0,115999.0
hp,14.0,ultra5,16.0,4.350696378830084,intel,512.0,79999.0
hp,14.0,ultra7,16.0,4.350696378830084,nvidia,1024.0,156999.0
hp,14.0,ultra5,16.0,4.350696378830084,intel,512.0,92999.0
hp,16.0,ultra7,16.0,4.350696378830084,nvidia,1024.0,181999.0
hp,14.0,ultra7,16.0,4.350696378830084,intel,512.0,102999.0
hp,16.0,ultra7,32.0,4.350696378830084,nvidia,1024.0,223999.0
hp,14.0,ultra7,16.0,4.350696378830084,intel,1024.0,140999.0
hp,16.0,ultra7,16.0,4.350696378830084,nvidia,1024.0,157999.0
hp,16.0,ultra7,32.0,4.350696378830084,nvidia,1024.0,189999.0
hp,16.0,ultra7,16.0,4.350696378830084,nvidia,1024.0,196999.0
hp,15.6,ryzen9,32.0,4.350696378830084,nvidia,1024.0,204999.0
hp,15.6,ryzen9,16.0,4.350696378830084,nvidia,1024.0,219999.0
hp,16.0,ultra9,32.0,4.350696378830084,nvidia,1024.0,246999.0
hp,15.6,i7,4.0,4.350696378830084,nvidia,16.0,86263.0
hp,15.6,i5,4.0,4.350696378830084,nvidia,8.0,67093.0
hp,15.6,i5,4.0,4.350696378830084,nvidia,16.0,76678.0
hp,15.6,i7,4.0,4.350696378830084,nvidia,16.0,82000.0
hp,14.0,i5,16.0,4.350696378830084,intel,512.0,64999.0
hp,16.1,ultra7,16.0,4.350696378830084,other,1024.0,139999.0
hp,14.0,i3,4.0,4.350696378830084,intel,64.0,29679.0
hp,14.0,i3,8.0,4.350696378830084,intel,128.0,40279.0
hp,14.0,i3,8.0,4.350696378830084,intel,256.0,49819.0
hp,14.0,i3,8.0,4.350696378830084,intel,512.0,36999.0
hp,14.0,i5,16.0,4.350696378830084,intel,512.0,73499.0
hp,14.0,i3,4.0,4.350696378830084,intel,128.0,36039.0
hp,14.0,i3,8.0,4.350696378830084,intel,256.0,46639.0
hp,14.0,i3,8.0,4.350696378830084,intel,128.0,47699.0
hp,14.0,i5,8.0,4.350696378830084,intel,512.0,50999.0
hp,14.0,i7,8.0,4.350696378830084,intel,512.0,80999.0
hp,14.0,ultra7,32.0,4.350696378830084,intel,1024.0,189999.0
hp,14.0,ultra7,16.0,4.350696378830084,intel,1024.0,179999.0
hp,14.0,ultra7,32.0,4.350696378830084,intel,32.0,148999.0
hp,16.0,ultra9,32.0,4.350696378830084,nvidia,1024.0,263999.0
hp,16.0,ultra7,16.0,4.350696378830084,nvidia,1024.0,215999.0
hp,16.0,ultra7,32.0,4.350696378830084,nvidia,1024.0,255999.0
hp,16.0,ultra9,64.0,4.350696378830084,nvidia,1024.0,289999.0
hp,16.0,ultra9,64.0,4.350696378830084,nvidia,1024.0,299999.0
hp,15.6,ryzen5,8.0,4.350696378830084,amd,512.0,38999.0
hp,15.6,i5,8.0,4.350696378830084,intel,512.0,65499.0
hp,14.0,i5,8.0,4.350696378830084,intel,512.0,65999.0
excaliberpc,17.0,i7,32.0,4.473684210526316,nvidia,1024.0,250018.0
excaliberpc,15.6,i7,16.0,4.473684210526316,nvidia,1024.0,155718.0
excaliberpc,13.4,i7,32.0,4.473684210526316,intel,1024.0,127018.0
excaliberpc,16.0,i7,32.0,4.473684210526316,nvidia,1024.0,250018.0
excaliberpc,15.6,i7,32.0,4.473684210526316,nvidia,1024.0,217218.0
excaliberpc,16.0,i7,64.0,4.473684210526316,nvidia,1024.0,190158.0
msi,17.3,i5,8.0,4.345370370370371,nvidia,512.0,80257.5
msi,17.3,i7,16.0,4.345370370370371,nvidia,1024.0,135998.63999999998
excaliberpc,16.0,i7,16.0,4.473684210526316,nvidia,1024.0,196718.0
excaliberpc,15.6,i9,32.0,4.473684210526316,nvidia,1024.0,229518.0
excaliberpc,17.3,i7,16.0,4.473684210526316,nvidia,1024.0,196718.0
excaliberpc,16.0,i7,32.0,4.473684210526316,nvidia,1024.0,295118.0
excaliberpc,17.3,i7,16.0,4.473684210526316,nvidia,512.0,118818.0
excaliberpc,14.0,i5,16.0,4.473684210526316,intel,512.0,90118.0
excaliberpc,15.6,ryzen7,16.0,4.473684210526316,amd,1024.0,122918.0
excaliberpc,16.0,i7,16.0,4.473684210526316,nvidia,1024.0,132758.0
excaliberpc,15.6,i7,64.0,4.473684210526316,nvidia,1024.0,237718.0
excaliberpc,14.0,i7,16.0,4.473684210526316,intel,1024.0,106518.0
excaliberpc,14.0,i5,16.0,4.473684210526316,intel,512.0,70045.22
excaliberpc,14.0,i7,16.0,4.473684210526316,intel,1024.0,129478.0
msi,17.3,i7,16.0,4.345370370370371,nvidia,512.0,101922.72
msi,17.3,i7,32.0,4.345370370370371,nvidia,1024.0,135218.0
msi,17.3,i7,32.0,4.345370370370371,nvidia,1024.0,170924.9
excaliberpc,17.3,i9,32.0,4.473684210526316,nvidia,1024.0,245918.0
excaliberpc,15.6,i9,64.0,4.473684210526316,nvidia,4096.0,270190.0
msi,17.3,i9,64.0,4.345370370370371,nvidia,2048.0,197538.0
msi,17.3,i7,32.0,4.345370370370371,nvidia,32.0,143499.18
excaliberpc,17.3,i7,16.0,4.473684210526316,nvidia,1024.0,163918.0
msi,17.3,i7,16.0,4.345370370370371,nvidia,1024.0,90118.0
msi,14.0,i5,16.0,4.345370370370371,intel,512.0,87928.59999999999
msi,14.0,i7,16.0,4.345370370370371,nvidia,512.0,98318.0
msi,15.6,i5,16.0,4.345370370370371,nvidia,512.0,73129.24
msi,15.6,i7,16.0,4.345370370370371,nvidia,1024.0,105283.9
msi,15.6,i5,8.0,4.345370370370371,nvidia,512.0,55962.54
msi,15.6,i7,16.0,4.345370370370371,nvidia,512.0,73718.0
msi,15.6,i7,16.0,4.345370370370371,nvidia,1024.0,131118.0
msi,17.3,i9,32.0,4.345370370370371,nvidia,1024.0,299218.0
msi,15.6,i7,16.0,4.345370370370371,nvidia,1024.0,204999.18
excaliberpc,15.6,i7,32.0,4.473684210526316,nvidia,512.0,114718.0
msi,13.4,i5,16.0,4.345370370370371,intel,512.0,122917.18
excaliberpc,17.3,i7,16.0,4.473684210526316,nvidia,512.0,94218.0
msi,16.0,i7,16.0,4.345370370370371,nvidia,512.0,188518.0
msi,15.6,i7,16.0,4.345370370370371,nvidia,512.0,106518.0
msi,14.0,i5,16.0,4.345370370370371,nvidia,512.0,83935.2
msi,16.0,i9,16.0,4.345370370370371,nvidia,1024.0,182424.58
excaliberpc,15.6,i7,16.0,4.473684210526316,nvidia,1024.0,121278.0
msi,17.3,i7,16.0,4.345370370370371,nvidia,1024.0,245918.0
msi,15.6,i7,32.0,4.345370370370371,nvidia,1024.0,168018.0
msi,15.6,i7,32.0,4.345370370370371,nvidia,1024.0,151699.18
msi,15.6,i5,8.0,4.345370370370371,nvidia,512.0,86017.18000000001
msi,14.0,i5,16.0,4.345370370370371,intel,512.0,90118.0
msi,17.3,i9,32.0,4.345370370370371,nvidia,1024.0,245918.0
msi,14.0,i7,16.0,4.345370370370371,intel,512.0,98318.0
msi,16.0,i7,32.0,4.345370370370371,nvidia,1024.0,245918.0
msi,15.6,i7,16.0,4.345370370370371,nvidia,1024.0,117770.86
msi,15.6,i9,16.0,4.345370370370371,intel,1024.0,159818.0
excaliberpc,16.0,i7,16.0,4.473684210526316,intel,512.0,94218.0
excaliberpc,14.0,i7,16.0,4.473684210526316,intel,512.0,106518.0
excaliberpc,15.6,i7,32.0,4.473684210526316,nvidia,1024.0,172118.0
excaliberpc,14.0,i5,16.0,4.473684210526316,intel,512.0,98318.0
excaliberpc,17.3,i7,16.0,4.473684210526316,nvidia,512.0,106518.0
msi,17.3,i9,16.0,4.345370370370371,nvidia,1024.0,136038.0
msi,13.4,i7,16.0,4.345370370370371,intel,1024.0,89297.18000000001
excaliberpc,15.6,i7,16.0,4.473684210526316,nvidia,512.0,110618.0
excaliberpc,16.0,i9,32.0,4.473684210526316,nvidia,2048.0,221318.0
excaliberpc,15.6,i5,16.0,4.473684210526316,nvidia,512.0,90118.0
excaliberpc,15.6,ryzen9,16.0,4.473684210526316,nvidia,512.0,122999.18
msi,14.0,i3,8.0,4.345370370370371,intel,128.0,35916.0
excaliberpc,15.6,i7,16.0,4.473684210526316,nvidia,1024.0,143418.0
excaliberpc,16.0,ryzen9,32.0,4.473684210526316,nvidia,1024.0,286918.0
acer,15.6,i3,20.0,4.332795698924731,intel,512.0,38458.0
asus,17.3,celeron,4.0,4.279166666666667,intel,64.0,22959.18
acer,13.3,i5,8.0,4.332795698924731,intel,512.0,32799.18
acer,15.6,ryzen5,8.0,4.332795698924731,amd,512.0,43137.740000000005
acer,14.0,ryzen7,16.0,4.332795698924731,nvidia,1024.0,77818.0
acer,14.0,i5,8.0,4.332795698924731,intel,512.0,76259.18000000001
acer,11.6,i3,4.0,4.332795698924731,amd,64.0,12751.0
acer,15.6,i7,32.0,4.332795698924731,nvidia,2048.0,159899.18
acer,15.6,i7,32.0,4.332795698924731,intel,1024.0,93398.0
acer,14.0,i7,16.0,4.332795698924731,intel,1024.0,98399.18
acer,14.0,i5,16.0,4.332795698924731,intel,512.0,76259.18000000001
acer,17.3,i5,24.0,4.332795698924731,nvidia,1024.0,76259.18000000001
acer,14.0,i3,8.0,4.332795698924731,other,512.0,35259.18
acer,15.6,i7,32.0,4.332795698924731,nvidia,2048.0,164738.0
acer,14.0,i5,8.0,4.332795698924731,intel,512.0,58219.18
acer,14.0,i5,16.0,4.332795698924731,intel,512.0,45838.0
acer,14.0,ryzen5,16.0,4.332795698924731,amd,512.0,69699.18000000001
acer,15.6,ryzen7,16.0,4.332795698924731,amd,1024.0,59778.0
panasonic,10.1,i7,8.0,3.5384615384615383,intel,256.0,204999.18
acer,15.6,i5,8.0,4.332795698924731,nvidia,512.0,72159.18000000001
acer,15.6,i3,4.0,4.332795698924731,intel,128.0,31323.18
panasonic,13.0,i7,4.0,3.5384615384615383,other,512.0,229600.0
panasonic,14.0,i7,4.0,3.5384615384615383,other,500.0,200572.0
acer,12.0,celeron,4.0,4.332795698924731,intel,32.0,13858.0
acer,15.6,ryzen3,8.0,4.332795698924731,amd,128.0,31159.18
toughbook,14.0,i7,16.0,3.733333333333333,intel,512.0,245999.18
hp,15.6,ryzen7,16.0,4.350696378830084,nvidia,1024.0,87658.0
acer,11.6,i3,4.0,4.332795698924731,intel,128.0,30735.24
msi,17.3,i9,32.0,4.345370370370371,nvidia,1024.0,229518.0
excaliberpc,17.3,i9,64.0,4.473684210526316,nvidia,2048.0,221318.0
excaliberpc,17.3,i7,32.0,4.473684210526316,nvidia,1024.0,258218.0
lg,16.0,i7,16.0,4.269230769230769,intel,512.0,98235.18
lg,16.0,i7,16.0,4.269230769230769,intel,512.0,98399.18
lg,16.0,i7,16.0,4.269230769230769,intel,2048.0,139318.0
lg,16.0,i7,16.0,4.269230769230769,intel,2048.0,147518.0
lg,16.0,i7,16.0,4.269230769230769,intel,2048.0,151618.0
lg,15.0,i3,8.0,4.269230769230769,other,512.0,120539.18
lg,16.0,i7,16.0,4.269230769230769,intel,1024.0,169969.6
lg,17.0,i3,8.0,4.269230769230769,other,512.0,136119.18
lg,14.0,i7,16.0,4.269230769230769,intel,512.0,173019.18
lg,14.0,i3,8.0,4.269230769230769,other,256.0,109059.18
lg,16.0,i7,16.0,4.269230769230769,intel,512.0,108157.18
lg,17.0,i7,16.0,4.269230769230769,nvidia,1024.0,155799.18
other,15.6,i3,4.0,4.160526315789474,other,128.0,25419.18
other,15.6,celeron,6.0,4.160526315789474,other,128.0,16236.0
other,14.0,i7,32.0,4.160526315789474,intel,1024.0,72118.18000000001
other,15.0,ryzen5,8.0,4.160526315789474,amd,256.0,40098.0
other,15.0,i5,12.0,4.160526315789474,intel,256.0,57070.36
gigabyte,15.6,i7,16.0,3.4952380952380957,nvidia,512.0,131956.86000000002
gigabyte,17.3,i7,32.0,3.4952380952380957,nvidia,32.0,186872.26
gigabyte,17.3,i7,32.0,3.4952380952380957,nvidia,32.0,188863.22
acer,17.3,i3,8.0,4.332795698924731,intel,256.0,32799.18
alienware,15.6,i7,16.0,4.069090909090909,nvidia,256.0,114784.42
alienware,17.3,i7,16.0,4.069090909090909,nvidia,1024.0,122984.42
alienware,17.3,i7,32.0,4.069090909090909,nvidia,1024.0,122995.9
alienware,17.3,i7,16.0,4.069090909090909,nvidia,512.0,245918.0
alienware,17.3,i7,16.0,4.069090909090909,nvidia,1024.0,131184.41999999998
alienware,17.3,i7,8.0,4.069090909090909,nvidia,1024.0,114795.9
alienware,15.6,i7,16.0,4.069090909090909,nvidia,1024.0,204918.0
msi,17.3,i9,64.0,4.345370370370371,nvidia,2048.0,221318.0
hp,15.6,i5,8.0,4.350696378830084,intel,512.0,45018.0
hp,15.6,i3,16.0,4.350696378830084,intel,1024.0,37638.0
hp,14.0,celeron,4.0,4.350696378830084,intel,64.0,20090.0
hp,17.3,i7,32.0,4.350696378830084,intel,1024.0,106518.0
hp,14.0,i7,16.0,4.350696378830084,intel,256.0,73799.18000000001
hp,17.3,i7,32.0,4.350696378830084,nvidia,1024.0,114718.0
hp,15.6,ryzen5,16.0,4.350696378830084,amd,1024.0,49118.0
hp,15.6,i5,16.0,4.350696378830084,intel,512.0,57399.18
hp,15.6,celeron,4.0,4.350696378830084,intel,128.0,23779.18
hp,14.0,i7,32.0,4.350696378830084,intel,2048.0,159899.18
hp,14.0,i3,8.0,4.350696378830084,intel,1024.0,47478.0
hp,14.0,celeron,8.0,4.350696378830084,intel,128.0,24518.0
hp,15.6,i5,32.0,4.350696378830084,intel,1024.0,62319.18
asus,17.3,ryzen7,16.0,4.279166666666667,nvidia,512.0,81999.18000000001
dell,15.6,i5,16.0,4.2272727272727275,intel,256.0,49199.18
asus,16.0,i3,8.0,4.279166666666667,intel,128.0,49199.18
other,14.0,i3,4.0,4.160526315789474,intel,128.0,16399.18
dell,15.6,i7,64.0,4.2272727272727275,nvidia,4096.0,254199.18
asus,15.6,ryzen9,64.0,4.279166666666667,amd,1024.0,127919.18
dell,16.0,i7,24.0,4.2272727272727275,nvidia,1024.0,139318.0
dell,15.6,i7,32.0,4.2272727272727275,other,1024.0,188518.0
dell,14.0,i5,16.0,4.2272727272727275,intel,512.0,48305.380000000005
samsung,15.0,celeron,4.0,4.245238095238095,intel,64.0,29438.0
other,15.6,i7,16.0,4.160526315789474,intel,1024.0,106518.0
dell,14.0,ryzen5,16.0,4.2272727272727275,amd,1024.0,63058.0
asus,14.0,i7,16.0,4.279166666666667,nvidia,1024.0,104048.16
asus,15.6,i5,8.0,4.279166666666667,intel,256.0,73778.68000000001
asus,15.6,i3,4.0,4.279166666666667,intel,128.0,24436.0
asus,15.6,i3,4.0,4.279166666666667,intel,128.0,18778.0
asus,16.0,i7,16.0,4.279166666666667,nvidia,1024.0,106599.18
asus,11.6,celeron,4.0,4.279166666666667,intel,64.0,18039.18
asus,15.6,i7,16.0,4.279166666666667,nvidia,512.0,98399.18
asus,15.6,ryzen5,8.0,4.279166666666667,nvidia,512.0,65599.18000000001
asus,14.0,i7,16.0,4.279166666666667,nvidia,1024.0,105770.16
asus,14.0,i7,16.0,4.279166666666667,intel,512.0,102418.0
asus,11.6,i3,4.0,4.279166666666667,intel,64.0,11480.0
asus,14.0,ryzen5,16.0,4.279166666666667,nvidia,1024.0,57318.0
asus,14.0,i7,32.0,4.279166666666667,intel,2048.0,175776.84
asus,14.5,i7,24.0,4.279166666666667,intel,1024.0,88222.16
asus,15.6,ryzen7,16.0,4.279166666666667,nvidia,512.0,76997.18000000001
asus,16.0,i7,16.0,4.279166666666667,nvidia,2048.0,109879.18
asus,14.0,i3,4.0,4.279166666666667,intel,256.0,32718.0
asus,15.6,i5,16.0,4.279166666666667,nvidia,1024.0,79211.18000000001
asus,14.0,i5,8.0,4.279166666666667,intel,1024.0,53218.0
asus,15.6,i5,8.0,4.279166666666667,intel,512.0,47992.96
asus,17.3,i5,12.0,4.279166666666667,intel,1024.0,40918.0
asus,15.6,i7,16.0,4.279166666666667,intel,1024.0,90199.18
asus,11.0,celeron,4.0,4.279166666666667,intel,128.0,20499.18
dell,13.3,i7,16.0,4.2272727272727275,intel,512.0,103791.5
dell,14.0,i7,32.0,4.2272727272727275,intel,256.0,147190.0
dell,15.6,ryzen5,16.0,4.2272727272727275,amd,512.0,45091.8
dell,15.6,i7,16.0,4.2272727272727275,intel,512.0,111110.0
dell,14.0,i7,16.0,4.2272727272727275,intel,1024.0,73718.0
dell,14.0,i5,8.0,4.2272727272727275,intel,256.0,63876.36
dell,14.0,i7,16.0,4.2272727272727275,intel,256.0,106518.0
dell,17.3,i7,32.0,4.2272727272727275,nvidia,512.0,229518.0
dell,15.6,i7,32.0,4.2272727272727275,nvidia,512.0,135300.0
asus,15.6,i9,32.0,4.279166666666667,nvidia,1024.0,163098.0
asus,16.0,i7,16.0,4.279166666666667,nvidia,1024.0,102007.18
samsung,11.0,celeron,4.0,4.245238095238095,intel,32.0,11398.0
asus,14.0,i7,16.0,4.279166666666667,nvidia,1024.0,103811.18
dell,15.6,i7,16.0,4.2272727272727275,intel,512.0,159981.18
dell,14.0,i5,16.0,4.2272727272727275,intel,512.0,73718.0
asus,15.6,i3,8.0,4.279166666666667,intel,256.0,26978.0
samsung,15.6,i5,16.0,4.245238095238095,intel,256.0,114799.18
samsung,15.6,i7,16.0,4.245238095238095,intel,1024.0,113159.18
dell,14.0,i5,16.0,4.2272727272727275,intel,512.0,129964.26
other,11.0,celeron,4.0,4.160526315789474,intel,16.0,4508.36
dell,15.6,i9,32.0,4.2272727272727275,nvidia,1024.0,194664.72
dell,14.0,i7,16.0,4.2272727272727275,intel,256.0,129067.18
dell,16.0,i7,64.0,4.2272727272727275,intel,2048.0,155718.0
dell,14.0,ryzen5,16.0,4.2272727272727275,amd,1024.0,57399.18
asus,15.6,ryzen7,8.0,4.279166666666667,nvidia,1024.0,65518.0
asus,15.6,ryzen5,16.0,4.279166666666667,nvidia,512.0,56579.18
samsung,14.0,i7,16.0,4.245238095238095,intel,512.0,118899.18
dell,15.0,i9,32.0,4.2272727272727275,intel,32.0,163918.0
dell,13.3,i7,16.0,4.2272727272727275,intel,1024.0,73718.0
dell,14.0,i7,32.0,4.2272727272727275,intel,32.0,86099.18000000001
dell,14.0,i5,16.0,4.2272727272727275,intel,512.0,79786.0
asus,15.6,ryzen7,16.0,4.279166666666667,nvidia,1024.0,106599.18
asus,15.6,i7,16.0,4.279166666666667,intel,512.0,68302.72
samsung,12.2,celeron,4.0,4.245238095238095,intel,64.0,22139.18
microsoft,12.4,i5,8.0,4.268627450980392,intel,512.0,63139.18
microsoft,13.5,i5,16.0,4.268627450980392,intel,512.0,122999.18
microsoft,14.4,i7,16.0,4.268627450980392,nvidia,16.0,189420.0
microsoft,13.5,i7,16.0,4.268627450980392,other,16.0,120530.98
microsoft,13.5,i5,8.0,4.268627450980392,amd,128.0,61413.08
microsoft,12.3,i7,16.0,4.268627450980392,intel,256.0,123247.64
microsoft,12.4,i3,8.0,4.268627450980392,intel,256.0,43716.66
microsoft,12.4,i3,4.0,4.268627450980392,intel,64.0,22796.0
microsoft,13.5,i7,16.0,4.268627450980392,intel,512.0,114799.18
samsung,16.0,i7,16.0,4.245238095238095,intel,1024.0,143499.18
microsoft,15.0,i3,8.0,4.268627450980392,amd,128.0,36900.0
gigabyte,15.6,i5,16.0,3.4952380952380957,nvidia,512.0,65317.1
hp,15.6,i5,8.0,4.2,intel,512.0,51846.0
hp,15.6,i5,16.0,4.4,intel,512.0,62499.0
hp,15.6,ryzen5,16.0,4.3,amd,512.0,48999.0
hp,16.1,ryzen7,8.0,4.5,nvidia,16.0,119999.0
hp,15.6,ryzen5,8.0,4.3,amd,512.0,45999.0
hp,14.0,ultra7,32.0,4.0,intel,1024.0,136999.0
hp,15.6,i5,8.0,4.2,intel,1024.0,56999.0
hp,14.0,ultra5,16.0,4.0,intel,512.0,107999.0
hp,14.0,ultra7,16.0,4.0,intel,512.0,111999.0
hp,16.0,ultra7,32.0,4.8,intel,2048.0,186999.0
hp,16.0,ultra7,32.0,4.0,nvidia,1024.0,200999.0
hp,14.0,ultra7,16.0,4.3,nvidia,1024.0,160506.0
hp,15.6,i3,8.0,3.0,intel,512.0,49999.0
hp,14.0,ultra5,16.0,4.0,intel,512.0,99999.0
hp,14.0,ultra7,32.0,4.1,intel,1024.0,170499.0
hp,15.6,i7,16.0,2.0,intel,512.0,79999.0
hp,14.0,ryzen7,16.0,4.0,amd,512.0,99999.0
hp,15.6,i3,8.0,4.2,intel,1024.0,42521.0
hp,14.0,i3,8.0,4.3,intel,512.0,42999.0
hp,15.6,i3,8.0,4.4,intel,512.0,46999.0
hp,15.6,i3,8.0,4.2,intel,512.0,41999.0
hp,16.1,ryzen7,16.0,4.5,nvidia,512.0,84999.0
hp,15.6,ryzen5,8.0,4.3,amd,512.0,49999.0
hp,15.6,i5,8.0,4.4,intel,512.0,61999.0
hp,16.1,ryzen7,16.0,4.5,nvidia,1024.0,98999.0
hp,15.6,i5,8.0,4.4,intel,512.0,59999.0
hp,15.6,ryzen5,8.0,4.2,amd,512.0,43999.0
hp,15.6,ryzen5,8.0,4.2,amd,512.0,41078.0
hp,16.1,ryzen7,16.0,4.5,nvidia,1024.0,133999.0
hp,16.1,ryzen9,32.0,4.5,nvidia,1024.0,179999.0
hp,14.0,ultra9,8.0,4.3,nvidia,32.0,209999.0
hp,16.1,i9,8.0,4.1,nvidia,32.0,209999.0
hp,16.1,ryzen9,8.0,4.5,nvidia,16.0,165506.0
hp,14.0,i5,8.0,4.0,intel,512.0,56999.0
hp,14.0,i7,16.0,4.0,intel,1024.0,76999.0
hp,14.0,i5,16.0,4.5,intel,512.0,72999.0
hp,14.0,i5,16.0,4.0,intel,512.0,61999.0
hp,15.6,i3,8.0,4.2,intel,512.0,40326.0
hp,14.0,i5,16.0,4.5,intel,1024.0,81999.0
hp,14.0,i7,16.0,4.5,intel,1024.0,94999.0
hp,14.0,i7,16.0,4.5,intel,512.0,91999.0
hp,15.6,i7,16.0,4.4,intel,1024.0,89999.0
hp,14.0,i5,16.0,4.0,intel,512.0,63499.0
hp,15.0,ryzen7,16.0,4.2,amd,512.0,79999.0
hp,15.6,ryzen5,8.0,4.2,amd,512.0,42729.0
hp,15.6,i5,16.0,4.4,intel,512.0,71999.0
hp,15.6,ryzen5,8.0,4.3,amd,512.0,50649.0
hp,16.0,ultra5,16.0,4.4,intel,512.0,80999.0
hp,14.0,ultra5,16.0,4.9,intel,512.0,87999.0
hp,15.0,ryzen5,16.0,4.4,amd,512.0,69999.0
hp,16.0,i7,6.0,3.9,nvidia,16.0,118999.0
hp,15.6,ryzen5,16.0,4.5,amd,512.0,59999.0
hp,14.0,i5,16.0,5.0,intel,512.0,72999.0
hp,14.0,i5,16.0,4.5,intel,512.0,79999.0
hp,14.0,ultra7,16.0,4.7,intel,1024.0,129999.0
hp,14.0,ultra7,32.0,5.0,nvidia,1024.0,164999.0
hp,16.0,ultra7,32.0,5.0,nvidia,1024.0,165999.0
hp,13.3,ultra7,32.0,4.5,intel,1024.0,178999.0
hp,14.0,ryzen7,16.0,4.3,amd,512.0,106499.0
hp,14.0,ultra7,16.0,5.0,other,1024.0,168999.0
hp,16.0,ultra7,16.0,4.0,intel,1024.0,141999.0
hp,14.0,ultra7,16.0,4.0,intel,1024.0,168999.0
hp,15.6,i9,32.0,4.5,nvidia,1024.0,238199.0
hp,14.0,i5,16.0,4.6,intel,512.0,98999.0
hp,14.0,ryzen9,32.0,1.0,amd,1024.0,157999.0
hp,14.0,i5,16.0,4.6,intel,512.0,94499.0
hp,14.0,ultra5,16.0,5.0,intel,1024.0,125999.0
hp,15.6,i5,4.0,4.3,nvidia,8.0,58719.0
hp,16.1,ryzen7,32.0,4.5,nvidia,1024.0,133999.0
hp,15.6,i5,6.0,4.3,nvidia,16.0,85500.0
hp,15.6,celeron,8.0,4.6,intel,512.0,27999.0
hp,15.6,ryzen5,8.0,4.3,nvidia,512.0,59549.0
hp,16.1,i7,6.0,4.1,nvidia,16.0,121999.0
hp,15.6,i5,16.0,4.3,intel,512.0,72999.0
hp,14.0,i5,8.0,3.9,intel,512.0,63999.0
hp,14.0,i5,16.0,4.4,intel,512.0,87499.0
hp,16.1,ryzen7,16.0,4.5,nvidia,1024.0,82999.0
hp,15.6,i7,6.0,4.3,nvidia,16.0,104999.0
hp,13.3,i5,16.0,4.3,intel,512.0,89999.0
hp,16.1,i7,8.0,4.6,nvidia,16.0,142999.0
hp,15.6,i5,6.0,4.3,nvidia,16.0,82238.0
hp,15.6,ryzen5,8.0,4.3,amd,512.0,53419.0
hp,15.6,ryzen5,16.0,4.3,nvidia,1024.0,66999.0
hp,15.6,i5,16.0,4.4,intel,1024.0,89999.0
hp,16.1,ryzen7,6.0,4.5,nvidia,16.0,101999.0
hp,15.6,i5,16.0,4.4,intel,512.0,55999.0
hp,14.0,ryzen5,16.0,4.6,amd,512.0,68999.0
hp,16.0,ultra7,16.0,4.8,intel,1024.0,157499.0
hp,14.0,celeron,4.0,4.2,intel,64.0,28999.0
hp,14.0,i7,16.0,3.7,intel,512.0,87999.0
hp,15.6,ryzen5,16.0,4.3,amd,512.0,57999.0
hp,16.1,ryzen7,6.0,4.5,nvidia,16.0,108999.0
hp,15.6,i5,8.0,4.4,intel,1024.0,55999.0
hp,14.0,i5,16.0,3.7,intel,512.0,72999.0
hp,15.6,i3,8.0,4.4,intel,512.0,40534.0
hp,15.6,i3,8.0,4.6,intel,512.0,37999.0
hp,15.6,i5,8.0,4.4,intel,8.0,56499.0
hp,16.1,ryzen7,16.0,4.5,nvidia,1024.0,120999.0
hp,13.3,ryzen7,16.0,4.5,amd,512.0,86999.0
hp,16.1,i9,8.0,4.1,nvidia,16.0,165506.0
hp,15.6,i5,16.0,4.3,nvidia,512.0,76999.0
hp,15.6,i7,8.0,4.3,nvidia,16.0,105999.0
hp,15.6,i7,8.0,4.3,nvidia,16.0,111999.0
hp,15.6,i3,8.0,4.4,intel,512.0,42599.0
hp,13.3,ryzen5,16.0,4.5,amd,512.0,80999.0
hp,14.0,i7,16.0,4.4,intel,512.0,95999.0
hp,16.1,i7,16.0,4.4,nvidia,1024.0,101999.0
hp,14.0,ryzen7,16.0,5.0,amd,512.0,102590.0
hp,16.1,i7,16.0,4.6,nvidia,1024.0,135506.0
hp,14.0,ultra7,16.0,4.3,nvidia,1024.0,161506.0
hp,14.0,i3,8.0,4.2,intel,512.0,42999.0
hp,15.6,ryzen5,8.0,4.4,amd,512.0,49999.0
hp,14.0,ryzen5,8.0,4.6,amd,512.0,54999.0
hp,15.0,i5,8.0,4.3,intel,512.0,81999.0
hp,15.6,i7,16.0,4.4,intel,512.0,84999.0
hp,15.6,i5,16.0,4.3,intel,512.0,90999.0
hp,16.1,i7,16.0,4.4,nvidia,512.0,96999.0
hp,16.1,ryzen7,8.0,4.5,nvidia,32.0,130999.0
hp,15.6,i5,16.0,4.5,intel,512.0,59733.0
hp,15.6,i5,16.0,4.2,nvidia,512.0,70114.0
hp,16.1,i7,8.0,4.1,nvidia,16.0,129999.0
hp,16.1,i7,6.0,4.6,nvidia,16.0,135506.0
hp,13.5,i7,32.0,4.6,intel,512.0,232999.0
hp,15.6,i3,8.0,4.4,intel,512.0,41999.0
hp,15.6,i5,8.0,4.4,intel,512.0,52249.0
hp,14.0,ryzen5,8.0,4.6,amd,512.0,62999.0
hp,14.0,i7,8.0,4.2,intel,512.0,64999.0
hp,14.0,ryzen5,16.0,4.6,amd,512.0,82999.0
hp,14.0,i5,16.0,4.4,intel,512.0,85999.0
hp,14.0,i5,16.0,4.4,intel,1024.0,91999.0
hp,15.6,i7,4.0,4.4,nvidia,16.0,127999.0
hp,16.1,ryzen7,8.0,4.5,nvidia,32.0,163999.0
hp,16.1,ryzen7,8.0,4.5,nvidia,16.0,145999.0
hp,15.6,celeron,8.0,3.7,intel,512.0,30949.0
hp,15.6,ryzen7,16.0,4.2,amd,512.0,58359.0
hp,15.6,ryzen5,16.0,4.2,amd,512.0,45924.0
hp,15.0,ryzen7,16.0,4.2,amd,1024.0,62999.0
hp,14.0,i3,8.0,4.0,intel,512.0,58999.0
hp,15.6,i5,16.0,4.4,intel,8.0,76999.0
hp,14.0,ultra7,16.0,4.1,intel,1024.0,107999.0
hp,14.0,ultra5,16.0,4.1,intel,512.0,90999.0
hp,13.3,i7,32.0,4.4,intel,512.0,134999.0
hp,14.0,i7,32.0,4.4,intel,512.0,123999.0
hp,14.0,i7,32.0,4.6,intel,1024.0,143999.0
hp,14.0,i7,32.0,4.4,intel,1024.0,147999.0
hp,16.0,i5,16.0,4.5,nvidia,512.0,131999.0
hp,16.0,i7,16.0,4.2,intel,1024.0,148999.0
hp,15.6,i7,16.0,4.9,nvidia,1024.0,173499.0
hp,15.6,i5,4.0,4.3,nvidia,16.0,61899.0
hp,15.6,i5,4.0,4.3,nvidia,16.0,70499.0
hp,15.0,ryzen5,8.0,4.6,amd,512.0,59999.0
hp,15.6,i5,16.0,4.5,intel,512.0,60999.0
hp,15.6,ryzen5,16.0,4.3,nvidia,512.0,63048.0
hp,15.6,i5,16.0,4.2,nvidia,512.0,72649.0
hp,15.6,ryzen5,8.0,4.4,amd,512.0,39499.0
hp,14.0,i5,8.0,4.3,intel,512.0,64999.0
hp,16.0,i7,32.0,4.4,intel,1024.0,195999.0
hp,15.6,ryzen3,8.0,4.4,amd,512.0,38699.0
hp,14.0,ryzen5,8.0,3.0,amd,512.0,38999.0
hp,14.0,ryzen3,8.0,3.0,amd,512.0,39999.0
hp,15.6,i3,8.0,4.6,intel,512.0,42999.0
hp,15.6,ryzen5,8.0,4.5,amd,256.0,44500.0
hp,15.6,i5,8.0,4.6,intel,512.0,53999.0
hp,14.0,i3,8.0,4.2,intel,512.0,58999.0
hp,14.0,i5,8.0,4.2,intel,512.0,64099.0
hp,34.0,i7,32.0,4.4,nvidia,512.0,177694.0
dell,15.6,i5,16.0,4.3,intel,256.0,67076.0
msi,15.6,ryzen5,16.0,4.5,amd,512.0,57318.0
msi,17.3,i9,64.0,5.0,nvidia,2048.0,200899.18
alienware,17.3,i7,16.0,5.0,nvidia,1024.0,147595.9
excaliberpc,17.3,i7,16.0,4.1,nvidia,512.0,139318.0
excaliberpc,17.3,i7,32.0,5.0,nvidia,4096.0,270190.0
gigabyte,15.6,ryzen9,16.0,4.1,nvidia,512.0,114718.0
msi,15.6,i5,16.0,5.0,nvidia,1024.0,56579.18
excaliberpc,17.3,i7,32.0,5.0,nvidia,1024.0,204918.0
excaliberpc,17.3,i9,32.0,5.0,nvidia,1024.0,262318.0
msi,17.3,i9,32.0,5.0,nvidia,1024.0,155718.0
msi,15.6,i5,32.0,4.2,nvidia,1024.0,65518.0
msi,15.6,i7,32.0,4.8,intel,1024.0,155718.0
other,14.0,celeron,4.0,3.8,intel,128.0,18859.18
excaliberpc,14.0,i5,16.0,3.0,nvidia,512.0,90118.0
excaliberpc,14.0,i7,16.0,3.0,nvidia,512.0,98318.0
other,16.2,i7,32.0,4.9,other,512.0,237718.0
other,13.3,i7,16.0,2.8,other,1024.0,120453.9
msi,15.6,i7,16.0,5.0,intel,1024.0,77950.02
msi,16.0,i9,32.0,4.6,nvidia,2048.0,221318.0
acer,15.6,i3,4.0,4.3,intel,128.0,19598.0
msi,17.3,i7,16.0,4.5,nvidia,1024.0,126033.18
msi,15.6,i5,8.0,5.0,intel,512.0,85732.64
msi,17.3,i7,16.0,5.0,nvidia,1024.0,122691.68
msi,15.6,i5,16.0,4.1,nvidia,1024.0,57399.18
msi,15.6,i7,64.0,3.7,nvidia,2048.0,135218.0
msi,15.6,i7,16.0,4.0,nvidia,512.0,135218.0
msi,14.1,i5,8.0,4.3,intel,512.0,57399.18
msi,17.3,ryzen7,16.0,5.0,amd,512.0,122998.36
msi,15.6,i7,16.0,4.5,nvidia,512.0,129149.18
msi,14.0,i7,16.0,3.1,nvidia,1024.0,98154.0
excaliberpc,15.6,i7,32.0,5.0,nvidia,1024.0,155718.0
msi,15.6,i7,8.0,3.9,nvidia,512.0,81918.0
excaliberpc,15.6,i7,32.0,2.5,nvidia,1024.0,137678.0
msi,17.3,i7,16.0,4.5,nvidia,512.0,133243.44
msi,17.3,i7,16.0,4.4,nvidia,512.0,102499.18
msi,15.6,i7,32.0,4.2,nvidia,1024.0,204918.0
msi,17.3,i7,16.0,4.3,nvidia,1024.0,172118.0
msi,15.6,i7,16.0,4.7,nvidia,512.0,91184.0
lenovo,15.6,ryzen5,8.0,4.4,nvidia,256.0,53218.0
msi,15.6,i7,16.0,3.7,nvidia,1024.0,195238.72
msi,17.3,i7,32.0,4.0,nvidia,1024.0,221318.0
msi,15.6,i7,64.0,4.2,nvidia,1024.0,229518.0
msi,15.6,i7,16.0,5.0,nvidia,1024.0,122918.0
msi,14.0,i7,16.0,4.2,nvidia,512.0,80076.28
excaliberpc,17.3,i7,32.0,5.0,nvidia,1024.0,147518.0
msi,15.6,i7,64.0,4.4,nvidia,1024.0,270518.0
msi,15.6,i7,8.0,4.3,nvidia,1024.0,81999.18000000001
msi,15.6,i7,8.0,4.5,nvidia,256.0,90199.18
msi,17.3,i7,8.0,4.5,nvidia,512.0,106599.18
msi,17.3,i9,32.0,4.3,nvidia,1024.0,278718.0
msi,15.6,i7,32.0,3.7,nvidia,512.0,213199.18
msi,15.6,i5,16.0,5.0,nvidia,512.0,87274.23999999999
msi,15.6,i7,16.0,4.5,nvidia,512.0,77818.0
msi,17.3,i7,64.0,4.2,nvidia,512.0,163997.54
msi,14.0,i5,8.0,2.0,intel,512.0,62893.18
msi,15.6,i5,8.0,4.5,nvidia,256.0,46337.380000000005
msi,15.6,i7,4.0,4.8,nvidia,1024.0,131118.0
msi,15.6,i7,8.0,4.2,nvidia,512.0,92208.18
msi,15.6,i7,32.0,4.2,nvidia,1024.0,163999.18
msi,17.3,i7,32.0,4.7,nvidia,1024.0,163918.0
excaliberpc,17.3,i9,32.0,5.0,nvidia,2048.0,282818.0
msi,15.6,i9,16.0,4.0,intel,1024.0,138190.5
msi,17.3,i7,16.0,4.0,nvidia,512.0,139806.72
msi,15.6,i7,16.0,3.3,nvidia,512.0,90199.18
msi,15.6,i9,32.0,3.9,nvidia,2048.0,298066.72000000003
msi,17.3,i7,16.0,4.8,nvidia,512.0,102499.18
msi,13.4,i7,16.0,3.3,intel,512.0,81997.54000000001
msi,14.0,i7,16.0,4.3,intel,512.0,77899.18000000001
excaliberpc,15.6,i9,32.0,5.0,nvidia,1024.0,213118.0
msi,15.6,i5,8.0,4.7,intel,512.0,65717.26
msi,15.6,i5,32.0,3.8,nvidia,1024.0,114799.18
msi,17.3,i7,16.0,5.0,nvidia,512.0,118818.0
msi,15.6,i5,16.0,5.0,nvidia,256.0,65518.0
msi,15.6,i5,8.0,4.3,nvidia,512.0,98318.0
msi,15.6,i7,16.0,3.6,intel,1024.0,204999.18
msi,17.3,i9,16.0,5.0,nvidia,1024.0,143499.18
excaliberpc,17.3,i7,32.0,5.0,nvidia,1024.0,213118.0
msi,15.6,i7,8.0,4.8,nvidia,512.0,91026.56
msi,13.4,i7,16.0,4.0,intel,1024.0,86919.18000000001
excaliberpc,15.6,ryzen9,16.0,3.4,nvidia,1024.0,137678.0
msi,15.6,i5,16.0,4.4,intel,512.0,74038.62
msi,16.0,i9,32.0,4.0,nvidia,2048.0,182274.52
msi,17.3,i7,64.0,5.0,nvidia,2048.0,176218.0
acer,15.6,ryzen5,8.0,4.5,amd,256.0,39688.0
msi,15.6,i5,8.0,4.8,nvidia,256.0,53298.36
other,12.3,celeron,8.0,4.2,other,256.0,29519.18
other,14.0,celeron,12.0,3.7,intel,256.0,28699.18
excaliberpc,16.0,i7,32.0,5.0,nvidia,1024.0,188518.0
excaliberpc,14.0,ryzen9,16.0,5.0,amd,1024.0,135218.0
excaliberpc,15.6,i9,64.0,5.0,nvidia,1024.0,280358.0
excaliberpc,15.6,i7,16.0,5.0,nvidia,512.0,102418.0
msi,15.6,ryzen7,8.0,4.5,amd,512.0,60351.18
msi,15.6,i5,8.0,4.0,intel,512.0,57175.32
msi,15.6,i7,16.0,4.0,nvidia,1024.0,176218.0
msi,17.3,i7,32.0,3.5,nvidia,1024.0,250796.18
msi,16.0,i5,16.0,5.0,intel,512.0,102385.2
msi,15.6,i7,16.0,3.9,nvidia,1024.0,147518.0
msi,15.6,i7,16.0,4.7,nvidia,512.0,86165.59999999999
msi,16.0,i7,16.0,5.0,nvidia,1024.0,128346.4
msi,15.6,i5,16.0,4.3,nvidia,512.0,53218.0
hp,11.6,i3,4.0,4.5,amd,32.0,14678.0
hp,14.0,celeron,4.0,4.2,intel,64.0,24518.0
hp,14.0,celeron,4.0,4.2,intel,64.0,22058.0
hp,14.0,celeron,4.0,4.5,intel,64.0,26239.18
acer,15.6,i3,4.0,4.3,intel,128.0,26157.18
other,13.0,i7,16.0,4.2,other,256.0,116148.9
hp,14.0,celeron,4.0,4.3,intel,64.0,23698.0
acer,15.6,celeron,4.0,4.6,intel,32.0,18778.0
acer,17.3,i3,20.0,4.6,intel,512.0,42558.0
acer,11.6,i3,4.0,4.4,other,32.0,14678.0
acer,15.6,ryzen3,8.0,4.3,amd,256.0,36899.18
acer,15.6,celeron,4.0,4.3,intel,32.0,18778.0
toughbook,14.0,i7,16.0,2.1,other,512.0,295118.0
acer,17.3,i5,8.0,4.3,intel,512.0,49938.0
acer,15.6,ryzen3,8.0,4.5,intel,512.0,49118.0
acer,15.6,i7,32.0,5.0,intel,1024.0,90199.18
acer,11.6,i3,4.0,5.0,amd,32.0,13858.0
acer,13.5,i5,8.0,4.3,other,256.0,81041.42
asus,15.6,i3,8.0,4.4,intel,128.0,24599.18
acer,17.3,i3,16.0,4.7,intel,1024.0,49199.18
toughbook,14.0,i7,8.0,5.0,intel,512.0,247639.18
acer,14.0,celeron,4.0,5.0,intel,64.0,19188.0
acer,14.0,i3,4.0,4.4,intel,128.0,24518.0
acer,11.6,i3,32.0,4.5,other,32.0,10659.18
acer,17.3,i3,12.0,5.0,intel,512.0,36899.18
acer,12.0,celeron,4.0,4.2,intel,32.0,10659.18
acer,14.0,i5,8.0,5.0,intel,256.0,42558.0
acer,15.6,i7,32.0,4.4,intel,1024.0,77818.0
other,14.0,celeron,12.0,4.3,intel,256.0,26158.0
acer,14.0,i7,16.0,4.0,intel,1024.0,122999.18
acer,14.0,i3,16.0,2.5,intel,1024.0,49770.72
acer,15.6,i3,24.0,4.1,amd,1024.0,49199.18
acer,17.3,celeron,4.0,4.0,intel,64.0,16399.18
acer,15.6,i7,16.0,5.0,nvidia,512.0,79458.0
acer,14.0,celeron,4.0,4.5,intel,64.0,14755.9
acer,15.6,ryzen3,8.0,3.9,amd,128.0,40098.0
acer,15.6,i3,20.0,3.9,other,512.0,38458.0
acer,14.0,celeron,4.0,4.4,intel,32.0,9757.18
acer,14.0,ryzen7,16.0,3.7,nvidia,1024.0,73799.18000000001
acer,17.3,celeron,4.0,4.5,intel,64.0,26978.0
acer,14.0,i3,8.0,4.2,other,256.0,38950.0
acer,14.0,i5,8.0,5.0,intel,512.0,65338.42
acer,15.6,i5,16.0,5.0,nvidia,1024.0,74538.0
acer,11.6,celeron,4.0,4.3,intel,32.0,13858.0
acer,14.0,i7,16.0,4.0,nvidia,512.0,94217.18
acer,15.6,ryzen3,12.0,4.1,amd,512.0,40179.18
acer,17.3,i5,20.0,4.3,intel,512.0,54858.0
acer,15.6,celeron,2.0,4.3,intel,16.0,14596.0
acer,14.0,i5,8.0,4.4,other,512.0,73718.0
acer,15.6,i7,16.0,4.5,nvidia,256.0,98399.18
acer,16.0,i7,16.0,3.5,nvidia,512.0,129794.52
hp,14.0,i3,8.0,4.3,amd,64.0,32799.18
toughbook,10.1,i5,4.0,3.1,intel,4.0,49199.18
chuwi,14.1,celeron,8.0,3.9,intel,256.0,19679.18
acer,15.6,i5,8.0,4.4,nvidia,256.0,61499.18
acer,14.0,i5,16.0,4.6,intel,1024.0,52314.36
acer,14.0,i5,8.0,4.3,intel,256.0,85311.16
acer,11.6,i3,4.0,5.0,intel,32.0,7457.900000000001
acer,15.6,celeron,4.0,4.6,intel,64.0,29519.18
acer,14.0,i7,8.0,3.8,intel,256.0,111020.62
acer,15.6,celeron,4.0,4.5,intel,64.0,28618.0
acer,15.6,i5,8.0,4.2,intel,512.0,61499.18
acer,11.6,i3,4.0,3.6,other,32.0,19598.0
acer,11.6,i3,4.0,4.3,other,32.0,12628.0
hp,15.6,celeron,16.0,4.4,intel,1024.0,39278.0
acer,15.6,i5,16.0,4.1,nvidia,512.0,110861.54
acer,17.3,i7,16.0,4.5,nvidia,512.0,188518.0
acer,15.6,i7,16.0,4.0,nvidia,512.0,84459.18000000001
acer,13.3,i5,8.0,3.7,intel,512.0,49938.0
acer,15.6,celeron,4.0,4.3,intel,16.0,12126.16
acer,11.6,celeron,4.0,3.9,intel,16.0,6559.179999999999
acer,11.6,celeron,4.0,4.5,intel,32.0,11534.12
acer,14.0,i7,16.0,5.0,intel,1024.0,89704.72
acer,14.0,i5,8.0,4.0,intel,256.0,45441.94
acer,15.6,i5,32.0,3.2,nvidia,1024.0,81918.0
acer,15.6,i3,4.0,4.5,other,128.0,25830.0
acer,15.6,i7,16.0,4.6,nvidia,512.0,100031.8
acer,17.3,i5,8.0,4.7,nvidia,256.0,58219.18
acer,15.6,ryzen3,8.0,4.4,amd,256.0,40918.0
acer,14.0,celeron,4.0,4.2,intel,16.0,13525.9
acer,11.6,i3,4.0,4.2,intel,32.0,10659.18
acer,15.6,i5,8.0,4.5,other,256.0,51496.0
acer,11.6,celeron,8.0,2.6,intel,64.0,39359.18
acer,11.6,celeron,4.0,5.0,other,512.0,7216.0
acer,11.6,celeron,4.0,4.2,other,32.0,11398.0
acer,15.6,i7,64.0,5.0,nvidia,2048.0,172938.0
acer,14.0,celeron,4.0,4.3,intel,32.0,20490.16
acer,14.0,i5,8.0,4.8,intel,512.0,114799.18
acer,11.6,i3,4.0,4.1,other,32.0,13118.36
acer,15.6,i3,8.0,4.6,intel,500.0,40918.0
acer,16.0,i7,16.0,5.0,nvidia,1024.0,163999.18
hp,17.3,i3,4.0,4.5,intel,256.0,35505.18
acer,14.0,i7,8.0,4.6,intel,1024.0,65518.0
acer,15.6,i7,16.0,4.4,nvidia,1024.0,94299.18
acer,11.6,i3,4.0,5.0,amd,160.0,16318.0
acer,14.0,celeron,4.0,4.3,intel,32.0,17449.600000000002
acer,15.6,i3,8.0,4.0,intel,64.0,35492.88
acer,11.6,celeron,4.0,4.0,intel,16.0,6559.179999999999
acer,14.0,celeron,4.0,4.3,intel,64.0,10082.72
acer,14.0,i5,8.0,4.4,intel,256.0,68315.02
acer,15.6,i3,8.0,4.8,intel,128.0,62237.18
acer,11.6,celeron,4.0,5.0,intel,32.0,14678.0
acer,13.5,i3,8.0,5.0,intel,256.0,32636.0
acer,14.0,celeron,4.0,4.2,intel,32.0,14349.18
acer,15.6,i7,32.0,5.0,nvidia,1024.0,135218.0
acer,15.6,ryzen3,8.0,4.7,amd,128.0,30258.0
acer,17.3,i3,8.0,5.0,other,256.0,32636.0
acer,14.0,i5,8.0,2.4,intel,512.0,65420.42
acer,14.0,ryzen7,16.0,3.9,nvidia,1024.0,77079.18000000001
acer,15.6,i5,32.0,5.0,nvidia,2048.0,110618.0
acer,15.6,i7,16.0,3.3,amd,1024.0,65518.0
other,15.6,celeron,4.0,3.8,intel,128.0,19679.18
other,15.6,celeron,6.0,3.5,other,128.0,14759.18
acer,15.6,celeron,4.0,3.8,intel,32.0,16318.0
acer,13.5,i5,8.0,4.3,intel,128.0,58958.0
acer,15.6,i3,8.0,4.5,amd,256.0,40999.18
other,14.1,celeron,4.0,4.0,intel,64.0,22545.9
other,15.6,celeron,6.0,4.0,intel,128.0,18531.18
acer,15.6,celeron,4.0,4.5,intel,32.0,17630.0
lenovo,14.0,celeron,4.0,4.2,intel,64.0,14919.9
acer,14.0,i3,8.0,4.0,other,64.0,29519.18
acer,15.6,i5,8.0,4.2,intel,256.0,46739.18
acer,15.6,celeron,4.0,4.4,intel,64.0,24436.0
acer,14.0,i7,16.0,3.9,intel,512.0,77899.18000000001
acer,17.3,i7,32.0,4.0,nvidia,1024.0,127018.0
acer,11.6,i3,4.0,4.4,other,32.0,16400.0
other,13.3,celeron,8.0,3.8,intel,256.0,32799.18
panasonic,13.3,i3,4.0,4.2,intel,160.0,39359.18
acer,11.6,celeron,4.0,4.2,other,32.0,12218.0
acer,14.0,ryzen7,16.0,3.5,amd,512.0,65599.18000000001
acer,11.6,celeron,4.0,4.5,intel,32.0,8199.18
acer,15.6,ryzen5,8.0,4.2,nvidia,512.0,57564.0
acer,17.3,i3,16.0,5.0,intel,1024.0,49118.0
asus,15.6,celeron,4.0,4.2,intel,256.0,24599.18
acer,17.3,i5,8.0,4.6,nvidia,512.0,94218.0
acer,15.6,i5,8.0,4.6,nvidia,256.0,51458.28
acer,15.6,i5,32.0,4.3,nvidia,2048.0,79458.0
acer,14.0,celeron,4.0,4.4,intel,64.0,15334.0
acer,17.3,ryzen7,16.0,4.4,nvidia,1024.0,78638.0
panasonic,10.1,i9,8.0,2.0,intel,128.0,278799.18
acer,15.6,ryzen5,8.0,4.3,amd,512.0,44522.72
acer,15.6,ryzen5,8.0,4.4,amd,512.0,47559.18
acer,15.6,i5,32.0,4.5,nvidia,256.0,61491.8
acer,15.6,i7,16.0,4.0,nvidia,512.0,98318.0
acer,15.6,i3,8.0,3.7,other,512.0,30749.18
panasonic,13.1,i7,8.0,3.0,other,500.0,245999.18
toughbook,14.0,i5,8.0,5.0,other,500.0,106599.18
acer,16.0,i7,16.0,5.0,intel,512.0,102418.0
acer,15.6,i5,16.0,3.0,nvidia,1024.0,69699.18000000001
acer,15.6,i3,8.0,4.3,other,512.0,36899.18
hp,15.6,i3,16.0,4.6,intel,1024.0,46658.0
acer,15.6,i3,20.0,3.9,intel,1024.0,36899.18
acer,11.6,i3,4.0,3.9,other,32.0,15498.0
acer,17.3,ryzen5,8.0,4.2,nvidia,512.0,65618.86
acer,15.6,i5,8.0,4.2,intel,512.0,49200.0
acer,15.6,ryzen3,4.0,4.5,amd,128.0,31652.0
acer,14.0,ryzen7,16.0,4.6,nvidia,512.0,65599.18000000001
acer,15.6,i7,16.0,4.6,nvidia,512.0,125049.18
panasonic,13.1,i7,8.0,2.0,other,500.0,188599.18
acer,17.3,i5,32.0,4.7,nvidia,1024.0,86018.0
acer,15.6,ryzen3,12.0,4.5,amd,512.0,39278.0
acer,15.6,ryzen3,12.0,4.5,amd,1024.0,40821.24
acer,15.6,i7,8.0,4.2,intel,512.0,71339.18000000001
acer,15.6,i3,20.0,3.9,intel,1024.0,35884.840000000004
lenovo,15.6,ryzen5,8.0,4.4,nvidia,256.0,53299.18
acer,15.6,i3,8.0,3.8,intel,128.0,31078.0
acer,14.0,ryzen7,16.0,4.4,nvidia,512.0,59778.0
acer,12.0,celeron,4.0,4.3,intel,32.0,10742.0
acer,15.6,i3,12.0,4.4,intel,512.0,36079.18
acer,17.3,celeron,4.0,4.3,intel,64.0,26978.0
acer,15.6,i3,8.0,4.5,intel,256.0,30831.18
acer,15.6,ryzen3,20.0,4.4,amd,1024.0,49118.0
acer,14.0,celeron,4.0,3.3,intel,64.0,17958.0
asus,14.0,ryzen7,8.0,4.3,nvidia,512.0,72160.0
msi,15.6,i7,16.0,4.4,nvidia,512.0,106514.72
msi,15.6,i7,16.0,4.3,nvidia,512.0,90118.0
asus,15.6,i7,8.0,4.5,nvidia,512.0,73061.18000000001
msi,14.0,i5,16.0,4.5,intel,512.0,61499.18
asus,15.6,i5,8.0,4.6,intel,512.0,50429.18
gigabyte,16.0,i7,8.0,3.0,nvidia,2048.0,148978.41999999998
gigabyte,15.6,i7,16.0,4.1,nvidia,512.0,99609.5
gigabyte,15.0,i7,32.0,4.3,nvidia,512.0,108209.66
acer,15.6,i7,16.0,4.6,nvidia,512.0,98622.22
gigabyte,15.6,i7,16.0,3.0,nvidia,1024.0,213118.0
asus,15.6,i7,8.0,3.5,nvidia,512.0,109879.18
hp,15.6,ryzen7,32.0,4.8,amd,1024.0,69618.0
msi,15.6,i7,16.0,4.5,nvidia,512.0,73718.0
acer,15.6,i5,8.0,4.5,nvidia,256.0,61090.0
msi,15.6,i7,16.0,4.6,nvidia,512.0,98318.0
lg,17.0,i7,16.0,4.2,intel,1024.0,113159.18
hp,11.6,i3,4.0,4.4,other,32.0,13119.18
gigabyte,17.0,i7,16.0,3.8,nvidia,16.0,159845.06
gigabyte,15.6,i7,32.0,3.5,nvidia,1024.0,204918.0
hp,15.0,ryzen7,8.0,4.5,amd,512.0,62156.0
hp,15.6,i3,8.0,4.2,amd,512.0,32718.0
hp,15.6,ryzen7,16.0,4.5,nvidia,512.0,73718.0
asus,14.0,i3,8.0,4.0,intel,128.0,53299.18
acer,15.6,ryzen3,4.0,4.5,amd,128.0,24518.0
alienware,17.3,i7,16.0,4.5,nvidia,1024.0,278718.0
asus,17.3,i5,8.0,4.4,nvidia,512.0,71258.0
lenovo,13.3,i5,8.0,4.3,intel,64.0,26650.0
samsung,13.3,i5,8.0,4.5,intel,256.0,60598.0
other,10.1,i3,4.0,4.2,other,64.0,7379.179999999999
lenovo,15.6,ryzen5,8.0,5.0,nvidia,512.0,68470.0
chuwi,13.0,celeron,8.0,4.1,intel,256.0,22058.0
dell,15.6,i7,16.0,4.3,nvidia,512.0,119637.18
samsung,15.6,i5,8.0,4.4,intel,512.0,53272.12
hp,14.0,i5,8.0,4.5,intel,256.0,47882.26
lenovo,15.6,ryzen5,8.0,4.6,amd,512.0,46080.72
msi,17.3,i7,32.0,4.5,nvidia,2048.0,145959.18
samsung,13.3,i5,8.0,4.5,intel,256.0,51659.18
hp,15.6,ryzen7,16.0,4.1,amd,512.0,54611.18
msi,16.0,i7,32.0,4.0,nvidia,1024.0,186550.0
lenovo,11.6,i3,4.0,4.5,other,64.0,12218.0
gigabyte,17.0,i7,6.0,4.0,nvidia,256.0,163918.0
hp,15.6,i5,8.0,4.4,nvidia,512.0,58958.0
lenovo,15.6,i5,8.0,4.5,intel,512.0,43459.18
asus,11.6,celeron,4.0,4.3,intel,64.0,11480.0
msi,14.0,i5,8.0,5.0,intel,512.0,48607.14
gigabyte,15.6,i7,16.0,4.1,nvidia,512.0,122918.0
gigabyte,15.6,i7,16.0,4.1,nvidia,16.0,141622.19999999998
msi,15.6,i5,8.0,4.6,nvidia,256.0,48132.36
msi,15.6,i5,16.0,4.7,other,1024.0,88559.18000000001
msi,17.3,i7,16.0,4.5,nvidia,1024.0,110699.18
msi,15.6,i5,8.0,4.5,nvidia,256.0,53054.0
msi,15.6,i3,8.0,4.6,nvidia,256.0,49118.0
msi,15.6,i9,32.0,4.1,nvidia,1024.0,201882.36
hp,17.3,i7,32.0,4.4,intel,1024.0,92250.0
lg,16.0,i7,16.0,4.6,intel,1024.0,108977.18
lg,17.0,i7,16.0,4.3,intel,1024.0,115619.18
lg,17.0,i7,32.0,4.1,intel,2048.0,110699.18
lenovo,14.0,ryzen5,16.0,4.5,amd,256.0,57308.16
lg,14.0,i7,16.0,4.2,intel,1024.0,81999.18000000001
lg,14.0,i7,16.0,4.9,intel,512.0,114799.18
lg,13.3,ryzen7,16.0,3.9,amd,256.0,76178.0
lg,16.0,i7,16.0,3.9,intel,2048.0,163999.18
lg,14.0,i7,16.0,5.0,intel,512.0,109798.0
dell,13.4,i7,16.0,4.4,intel,512.0,111438.0
samsung,15.6,i7,16.0,4.3,intel,512.0,91353.74
hp,17.3,i7,32.0,4.6,intel,1024.0,106518.0
lg,15.6,i7,16.0,5.0,intel,2048.0,99219.18
lg,16.0,i7,16.0,4.7,intel,1024.0,109879.18
lg,13.3,ryzen5,8.0,4.3,amd,256.0,35583.9
lg,17.0,i7,16.0,4.7,intel,1024.0,145878.0
lg,16.0,i7,16.0,3.0,intel,512.0,111519.18
lg,16.0,i7,16.0,5.0,intel,2048.0,151618.0
lg,16.0,i7,16.0,3.9,intel,1024.0,106599.18
lg,16.0,i7,16.0,3.5,intel,2048.0,109879.18
asus,14.0,i3,4.0,4.1,intel,128.0,17375.8
asus,15.6,i3,12.0,4.4,intel,512.0,36899.18
hp,14.0,i3,4.0,4.5,intel,64.0,13939.18
hp,17.3,i5,8.0,4.5,intel,512.0,49118.0
hp,17.3,i5,32.0,4.5,intel,2048.0,69618.0
lenovo,17.3,ryzen5,8.0,4.5,amd,512.0,40999.18
lenovo,14.0,i3,4.0,4.3,other,64.0,11070.0
samsung,15.6,i5,8.0,4.2,intel,512.0,65518.0
other,14.0,i3,4.0,4.4,intel,64.0,20499.18
samsung,12.2,celeron,4.0,4.5,intel,32.0,16372.12
asus,15.6,i3,12.0,4.2,intel,128.0,53218.0
asus,14.0,i3,4.0,4.4,intel,128.0,20336.0
hp,15.6,i7,32.0,5.0,intel,2048.0,113078.0
samsung,15.6,i7,32.0,4.3,nvidia,1024.0,138953.1
lg,16.0,i7,16.0,3.3,other,512.0,102499.18
other,14.1,celeron,4.0,4.3,intel,128.0,12299.18
lenovo,14.0,i3,4.0,3.7,amd,64.0,16318.0
lenovo,13.3,i3,4.0,4.4,intel,64.0,19679.18
asus,15.6,ryzen9,32.0,5.0,amd,1024.0,119711.8
acer,15.6,ryzen3,20.0,4.4,amd,128.0,46739.18
other,11.6,i3,4.0,5.0,amd,32.0,15416.0
other,15.6,celeron,6.0,4.1,intel,128.0,19598.0
other,14.1,i3,4.0,4.0,intel,128.0,22139.18
samsung,11.6,celeron,4.0,4.4,intel,64.0,13110.16
dell,16.0,i7,16.0,4.2,amd,512.0,90200.0
other,15.6,celeron,4.0,4.0,intel,64.0,12218.0
asus,15.6,ryzen3,16.0,4.3,amd,256.0,29438.0
lg,14.0,i7,16.0,4.4,intel,1024.0,130311.12
lg,16.0,i7,16.0,4.2,intel,256.0,100613.18
hp,14.0,i3,8.0,4.3,amd,256.0,36079.18
asus,14.0,celeron,4.0,4.3,intel,64.0,14266.36
hp,14.0,celeron,4.0,4.5,intel,32.0,11398.0
asus,17.3,i5,20.0,4.2,intel,512.0,41738.0
chuwi,14.0,celeron,8.0,4.1,other,256.0,24518.0
asus,15.6,i3,8.0,4.5,intel,128.0,27387.18
lg,17.0,i7,16.0,4.4,intel,2048.0,125050.0
lg,17.0,i7,16.0,4.5,intel,1024.0,116439.18
hp,15.6,celeron,8.0,4.4,intel,256.0,14678.0
asus,15.6,celeron,4.0,4.2,intel,64.0,19598.0
hp,14.0,i3,8.0,4.3,amd,64.0,32718.0
asus,15.6,celeron,4.0,4.4,intel,128.0,15989.18
lenovo,14.0,celeron,4.0,3.9,intel,64.0,16399.18
hp,17.3,i5,8.0,4.2,intel,256.0,42312.0
asus,15.6,celeron,4.0,4.2,intel,64.0,14759.18
lenovo,14.0,ryzen5,16.0,4.2,amd,512.0,51659.18
lg,16.0,i7,16.0,3.6,intel,1024.0,131295.94
lg,17.0,i7,16.0,4.4,intel,1024.0,81836.0
lg,16.0,i7,16.0,3.5,intel,1024.0,102906.72
lg,16.0,i7,16.0,4.4,intel,1024.0,110682.78
lg,16.0,i7,16.0,4.2,intel,256.0,96350.0
lg,17.0,i7,32.0,3.8,nvidia,2048.0,163753.18
lg,16.0,i7,16.0,4.3,intel,1024.0,104139.18
panasonic,14.0,i7,16.0,4.4,intel,512.0,291919.18
lg,16.0,i7,16.0,5.0,nvidia,1024.0,124765.46
lg,17.0,i7,16.0,4.7,intel,2048.0,152041.94
lg,17.0,i7,32.0,4.8,intel,2048.0,147599.18
lg,17.0,i7,16.0,4.4,intel,512.0,79130.0
lg,14.0,i7,16.0,3.5,intel,512.0,89786.72
lg,15.6,i7,16.0,3.9,intel,2048.0,147599.18
lg,17.0,i7,16.0,4.3,intel,2048.0,122990.98
samsung,15.6,i5,8.0,4.6,intel,512.0,80278.0
lg,15.0,i7,16.0,4.4,intel,512.0,98399.18
samsung,13.3,i5,8.0,4.2,intel,256.0,57318.0
lg,14.0,i7,16.0,4.3,intel,1024.0,121360.0
samsung,15.6,i7,16.0,4.3,intel,512.0,110618.0
lg,16.0,ryzen7,16.0,4.1,amd,512.0,67295.76
lg,16.0,i7,16.0,4.4,intel,256.0,94953.54
dell,14.0,ryzen7,8.0,4.3,amd,512.0,52681.72
microsoft,13.5,i5,8.0,4.1,intel,256.0,78965.18000000001
asus,11.6,celeron,4.0,4.2,intel,32.0,8527.18
other,15.0,i3,6.0,4.6,intel,512.0,17056.0
asus,15.6,ryzen9,64.0,4.2,amd,1024.0,129551.8
gigabyte,16.0,i7,32.0,3.5,nvidia,32.0,127018.0
gigabyte,15.6,i5,16.0,4.2,nvidia,512.0,84307.48000000001
gigabyte,14.0,i5,16.0,3.4,intel,512.0,72094.40000000001
gigabyte,15.6,i7,16.0,3.9,nvidia,1024.0,200448.18
gigabyte,17.3,i9,32.0,3.6,nvidia,32.0,204918.0
gigabyte,15.6,i7,16.0,2.6,nvidia,512.0,164118.08000000002
gigabyte,16.0,i9,64.0,1.0,nvidia,64.0,237718.0
gigabyte,16.0,i9,32.0,3.0,nvidia,32.0,229599.18
gigabyte,15.6,i7,16.0,3.7,nvidia,512.0,163918.0
gigabyte,17.3,i7,16.0,2.5,nvidia,16.0,190318.72
gigabyte,15.0,i7,16.0,4.0,nvidia,1024.0,126522.72
acer,11.6,i3,4.0,4.3,other,64.0,10660.0
other,14.2,i7,16.0,4.8,other,1024.0,151535.18
other,16.2,i7,32.0,4.7,other,1024.0,216407.84
acer,17.3,celeron,4.0,4.2,intel,64.0,18778.0
acer,15.6,i3,8.0,4.3,intel,128.0,28864.0
acer,15.6,ryzen3,12.0,4.4,amd,128.0,40999.18
acer,15.6,i3,4.0,4.5,intel,128.0,25994.0
acer,15.6,i3,20.0,4.4,intel,512.0,35916.0
acer,15.6,i3,8.0,4.6,intel,128.0,32718.0
acer,15.6,i7,8.0,4.5,nvidia,512.0,66338.0
acer,15.6,ryzen3,8.0,4.5,amd,128.0,31615.1
acer,17.3,i7,16.0,4.5,nvidia,1024.0,106599.18
acer,15.6,i3,20.0,4.4,intel,512.0,32554.0
asus,15.6,i7,40.0,5.0,intel,1024.0,127099.18
asus,15.6,i7,16.0,4.5,nvidia,512.0,105698.0
alienware,15.6,i7,16.0,3.9,nvidia,1024.0,204918.0
dell,18.4,i7,8.0,4.4,intel,1024.0,163984.41999999998
dell,15.6,i7,16.0,4.8,nvidia,1024.0,139318.0
other,14.0,ryzen9,16.0,4.5,nvidia,1024.0,196799.18
alienware,15.6,i7,16.0,3.5,nvidia,1024.0,114784.42
alienware,17.3,i7,16.0,3.5,nvidia,1024.0,163995.9
asus,15.6,i9,32.0,4.5,nvidia,1024.0,262481.18
alienware,15.6,i7,16.0,4.1,nvidia,1024.0,147595.9
dell,15.6,i7,16.0,4.3,nvidia,512.0,106599.18
alienware,15.6,i7,16.0,4.4,nvidia,512.0,127095.9
alienware,15.6,i5,8.0,4.1,nvidia,1024.0,63878.0
alienware,17.3,i7,16.0,4.1,nvidia,1024.0,122984.42
acer,15.6,i5,8.0,4.6,nvidia,256.0,54858.0
dell,17.3,i7,16.0,4.4,other,1024.0,245918.0
alienware,17.3,i7,8.0,4.3,nvidia,1024.0,147595.9
alienware,15.6,i7,16.0,3.7,nvidia,512.0,188518.0
alienware,18.4,i7,8.0,2.9,amd,1024.0,163984.41999999998
msi,15.6,i7,16.0,3.9,nvidia,512.0,147599.18
alienware,17.3,i7,6.0,4.3,nvidia,256.0,204918.0
alienware,15.6,i7,16.0,4.2,nvidia,128.0,131195.9
alienware,15.6,i7,16.0,3.8,nvidia,1024.0,114795.9
alienware,18.4,i7,8.0,5.0,nvidia,1024.0,163918.0
alienware,18.4,i7,16.0,3.5,nvidia,1024.0,163995.9
alienware,17.3,i7,8.0,3.7,nvidia,1024.0,122995.9
alienware,17.3,i7,32.0,3.9,nvidia,1024.0,163995.9
asus,15.6,ryzen7,16.0,4.5,nvidia,512.0,100449.18
alienware,15.6,i7,16.0,3.2,nvidia,1024.0,155718.0
alienware,17.3,i7,16.0,4.2,nvidia,1024.0,163995.9
alienware,15.6,i7,8.0,3.5,nvidia,256.0,122984.42
alienware,17.3,i7,8.0,5.0,nvidia,256.0,122995.9
lenovo,15.6,ryzen7,16.0,4.6,nvidia,512.0,68798.0
alienware,15.6,i7,16.0,4.1,nvidia,512.0,122995.9
alienware,15.6,i7,16.0,3.0,nvidia,1024.0,122984.42
alienware,13.3,i7,8.0,3.8,nvidia,512.0,139395.9
hp,15.6,i7,16.0,4.9,nvidia,1024.0,87658.0
alienware,15.6,i7,16.0,4.4,nvidia,1024.0,131195.9
alienware,17.0,i7,16.0,4.5,nvidia,1024.0,294379.18
alienware,17.25,i9,16.0,2.1,nvidia,1024.0,270595.9
alienware,17.3,i7,8.0,5.0,nvidia,128.0,237798.36
alienware,17.0,ryzen9,32.0,3.7,nvidia,1024.0,171790.0
alienware,17.0,i7,8.0,3.8,nvidia,256.0,254118.0
alienware,17.3,i7,32.0,5.0,nvidia,1024.0,204995.9
alienware,15.6,i7,16.0,5.0,nvidia,1024.0,143484.41999999998
alienware,17.0,ryzen9,32.0,4.1,amd,1024.0,188599.18
alienware,17.3,i7,32.0,5.0,nvidia,1024.0,229174.42
dell,15.6,i7,16.0,5.0,nvidia,256.0,204918.0
dell,15.0,i7,16.0,4.0,nvidia,1024.0,90184.42
alienware,17.3,i7,8.0,4.0,nvidia,1024.0,139395.9
alienware,15.6,i7,16.0,3.6,nvidia,1024.0,131184.41999999998
asus,14.0,ryzen9,16.0,4.0,nvidia,1024.0,90118.0
alienware,17.0,i7,8.0,4.3,nvidia,512.0,270518.0
alienware,18.4,i7,8.0,4.0,nvidia,1024.0,163995.9
alienware,15.6,i7,6.0,4.2,nvidia,512.0,128724.42
asus,15.6,i7,16.0,4.3,intel,1024.0,112296.54
alienware,15.6,i7,16.0,3.3,nvidia,1024.0,106584.42
alienware,17.0,i7,16.0,4.1,nvidia,512.0,139395.9
alienware,15.6,i7,16.0,4.0,nvidia,16.0,114784.42
alienware,15.6,i7,32.0,5.0,nvidia,1024.0,229518.0
dell,15.6,ryzen9,64.0,3.8,nvidia,2048.0,155718.0
alienware,15.6,i7,32.0,3.0,nvidia,2048.0,245918.0
alienware,17.3,i7,32.0,5.0,nvidia,512.0,130785.9
alienware,17.3,i7,16.0,3.5,nvidia,128.0,106584.42
alienware,15.6,i7,32.0,4.5,nvidia,1024.0,181617.7
alienware,15.6,i7,32.0,3.3,intel,1024.0,141450.0
alienware,15.6,i7,32.0,4.5,nvidia,1024.0,118818.0
alienware,15.6,i7,16.0,4.2,nvidia,512.0,131195.9
alienware,14.0,i7,32.0,5.0,other,1024.0,179374.18
alienware,15.6,i7,8.0,4.0,nvidia,1024.0,139318.0
microsoft,12.4,i5,8.0,4.6,intel,256.0,57318.0
dell,15.6,i7,64.0,3.8,amd,2048.0,188599.18
alienware,15.6,i7,16.0,4.5,nvidia,512.0,122995.9
msi,17.3,i7,16.0,3.9,intel,1024.0,111215.78
msi,17.3,i7,32.0,4.8,nvidia,1024.0,136529.18
msi,17.3,i9,32.0,4.7,nvidia,1024.0,189763.58
msi,17.3,i7,16.0,4.0,nvidia,512.0,122918.0
msi,17.3,i9,32.0,4.2,intel,1024.0,262318.0
msi,16.0,i7,16.0,5.0,intel,512.0,94268.02
msi,17.3,i7,16.0,5.0,nvidia,1024.0,163918.0
msi,14.0,i7,16.0,4.5,intel,512.0,72738.09999999999
msi,15.6,i5,16.0,4.5,nvidia,1024.0,55759.18
hp,17.3,i7,32.0,4.4,intel,1024.0,98724.72
hp,15.6,i3,8.0,4.5,amd,256.0,49118.0
hp,15.6,i5,16.0,4.5,intel,512.0,53218.0
hp,15.6,i3,8.0,4.4,amd,256.0,46576.0
hp,14.0,celeron,4.0,4.4,intel,64.0,21238.0
hp,15.6,i5,32.0,5.0,amd,1024.0,68879.18000000001
hp,15.6,i3,16.0,4.4,intel,1024.0,36818.0
hp,17.3,i3,32.0,4.4,intel,256.0,40918.0
hp,15.6,i7,16.0,4.4,intel,512.0,73718.0
hp,15.6,i3,8.0,4.4,intel,256.0,25005.08
hp,15.6,i5,32.0,5.0,intel,1024.0,76259.18000000001
hp,15.6,celeron,16.0,4.4,intel,1024.0,40918.0
hp,15.6,i5,16.0,4.4,intel,512.0,66255.18000000001
hp,14.0,celeron,4.0,4.2,intel,64.0,20418.0
hp,14.0,celeron,4.0,4.5,intel,64.0,17958.0
hp,17.3,i3,16.0,4.5,intel,1024.0,36818.0
hp,15.6,i3,16.0,4.2,amd,1024.0,45099.18
hp,17.3,i5,32.0,4.7,intel,1024.0,65599.18000000001
hp,14.0,celeron,4.0,4.4,intel,64.0,22135.9
hp,14.0,i3,8.0,4.3,amd,64.0,27634.0
hp,17.3,i3,32.0,4.3,intel,1024.0,49199.18
hp,15.6,i3,16.0,4.3,amd,1024.0,40918.0
hp,11.6,celeron,4.0,4.5,intel,64.0,13038.0
hp,15.6,i7,16.0,5.0,intel,1024.0,69699.18000000001
hp,14.0,i3,32.0,5.0,amd,1024.0,40999.18
hp,15.6,i5,32.0,4.5,intel,1024.0,59778.0
hp,17.3,i5,32.0,4.1,intel,1024.0,81098.0
hp,14.0,ryzen3,16.0,4.5,amd,128.0,35259.18
hp,15.6,i5,12.0,4.5,intel,256.0,57318.0
hp,15.0,i3,8.0,4.5,amd,256.0,35178.0
hp,15.6,i5,16.0,5.0,intel,1024.0,49118.0
hp,15.6,i3,8.0,5.0,intel,256.0,28618.0
hp,17.3,ryzen5,32.0,4.8,amd,1024.0,57318.0
hp,15.6,i3,16.0,4.5,intel,1024.0,46658.0
hp,17.3,i3,8.0,4.3,intel,256.0,29356.0
hp,15.6,i5,16.0,4.4,intel,512.0,52397.18
hp,15.6,i3,8.0,4.4,intel,512.0,40171.8
hp,15.6,i3,32.0,4.6,intel,1024.0,55759.18
hp,15.6,i5,32.0,4.0,intel,1024.0,57399.18
hp,14.0,celeron,8.0,4.2,intel,64.0,27798.0
hp,15.6,i5,16.0,5.0,intel,1024.0,55678.0
hp,14.0,ryzen3,16.0,4.1,amd,1024.0,39278.0
hp,15.0,ryzen3,8.0,4.4,amd,256.0,31734.0
hp,15.6,i3,16.0,4.5,intel,1024.0,43459.18
hp,14.0,celeron,16.0,4.2,intel,64.0,30258.0
hp,15.6,ryzen7,16.0,4.4,nvidia,512.0,77818.0
hp,11.6,celeron,4.0,4.2,intel,64.0,18778.0
other,14.0,celeron,8.0,4.4,intel,128.0,26158.0
hp,17.3,i7,32.0,4.1,nvidia,1024.0,114718.0
hp,15.6,i3,16.0,4.4,intel,1024.0,45018.0
hp,17.3,i5,16.0,4.4,intel,1024.0,63058.0
hp,17.3,i5,16.0,4.4,intel,1024.0,44198.0
hp,17.0,i7,16.0,5.0,intel,512.0,81918.0
hp,15.6,ryzen7,32.0,4.2,amd,512.0,68405.22
hp,15.6,i5,32.0,4.3,intel,1024.0,65350.72
hp,17.3,i5,8.0,4.5,intel,256.0,43378.0
hp,17.3,i3,32.0,4.1,intel,1024.0,45099.18
hp,14.0,celeron,4.0,5.0,intel,64.0,22878.0
hp,14.0,i3,16.0,3.0,intel,1024.0,40918.0
hp,14.0,celeron,4.0,4.1,intel,64.0,22878.0
hp,15.6,i5,16.0,4.7,intel,1024.0,51578.0
hp,15.6,i5,16.0,4.1,intel,512.0,52069.18
hp,15.6,ryzen3,16.0,2.0,amd,1024.0,45018.0
hp,14.0,celeron,4.0,3.3,intel,64.0,23698.0
hp,15.6,i3,8.0,4.0,intel,256.0,29192.0
hp,14.0,i5,8.0,4.2,intel,512.0,41819.18
hp,11.6,i3,4.0,4.4,other,32.0,8618.199999999999
hp,17.3,ryzen3,16.0,4.4,amd,256.0,50777.68
hp,15.6,i5,12.0,4.5,intel,512.0,38376.0
hp,15.6,i3,4.0,4.0,amd,128.0,35916.0
hp,11.6,i3,4.0,4.1,amd,32.0,14678.0
hp,14.0,ryzen3,8.0,4.4,amd,128.0,27798.0
hp,14.0,i3,8.0,4.5,other,128.0,18778.0
hp,14.0,ryzen3,16.0,4.5,amd,512.0,37391.18
hp,14.0,celeron,4.0,4.5,intel,64.0,17548.0
hp,13.5,i7,16.0,4.7,intel,1024.0,114799.18
hp,14.0,celeron,4.0,4.0,intel,32.0,22386.0
hp,17.3,i7,16.0,5.0,intel,1024.0,92578.0
hp,15.6,i5,32.0,4.4,amd,1024.0,86099.18000000001
hp,15.6,i3,16.0,3.7,intel,1024.0,39278.0
hp,14.0,celeron,8.0,4.5,intel,64.0,29519.18
hp,11.6,celeron,4.0,4.6,intel,128.0,24598.36
hp,15.6,i5,16.0,3.9,intel,512.0,50758.0
hp,15.6,i3,16.0,4.6,amd,1024.0,45099.18
hp,15.6,ryzen7,16.0,4.4,amd,512.0,54734.18
hp,15.6,i3,8.0,4.5,intel,128.0,36957.4
hp,17.0,ryzen5,16.0,4.3,amd,256.0,46739.18
hp,15.6,i5,16.0,5.0,amd,512.0,55678.0
hp,15.6,i3,16.0,5.0,intel,1024.0,40999.18
hp,15.0,i5,16.0,4.5,intel,1024.0,56555.4
hp,15.6,ryzen5,8.0,4.1,amd,256.0,39770.0
hp,15.6,ryzen5,8.0,4.3,amd,256.0,41738.0
hp,14.0,ryzen3,16.0,4.2,amd,128.0,26158.0
hp,14.0,i3,8.0,4.5,intel,256.0,29438.0
hp,14.0,celeron,8.0,4.3,intel,64.0,28699.18
lenovo,14.0,i5,16.0,4.5,intel,1024.0,59859.18
hp,15.6,ryzen3,16.0,4.1,amd,512.0,45018.0
hp,14.0,i3,8.0,3.8,other,128.0,24595.08
hp,15.6,ryzen3,16.0,4.4,amd,512.0,43378.0
hp,15.6,i5,16.0,4.1,amd,512.0,53218.0
hp,13.5,i7,16.0,4.5,intel,1024.0,134479.18
hp,15.6,i5,16.0,5.0,intel,1024.0,48379.18
hp,14.0,i3,4.0,4.3,amd,64.0,27943.14
hp,17.3,ryzen5,8.0,4.6,amd,256.0,38130.0
hp,15.6,i3,32.0,4.3,intel,1024.0,43378.0
hp,15.0,i3,8.0,4.5,intel,256.0,32799.18
hp,14.0,celeron,8.0,5.0,intel,64.0,27059.18
hp,15.6,i5,16.0,4.1,amd,512.0,55737.86
hp,17.3,i3,16.0,4.1,amd,1024.0,46658.0
hp,13.3,i5,8.0,4.3,intel,256.0,46330.0
hp,11.6,i3,4.0,4.6,amd,32.0,13858.0
hp,17.3,i3,16.0,4.3,intel,512.0,47478.0
hp,17.3,i7,16.0,4.2,intel,1024.0,94218.0
hp,17.3,i3,8.0,4.5,amd,1024.0,49118.0
hp,14.0,celeron,4.0,4.4,intel,64.0,19671.8
hp,15.6,ryzen3,8.0,4.4,amd,256.0,33538.0
hp,14.0,celeron,8.0,4.2,intel,64.0,27879.18
hp,14.0,i3,4.0,4.4,intel,64.0,17219.18
hp,14.0,ryzen3,16.0,4.5,amd,512.0,34358.0
hp,14.0,i5,8.0,4.6,intel,256.0,47797.8
hp,17.3,i3,12.0,5.0,intel,256.0,49118.0
hp,15.6,i3,32.0,4.4,intel,1024.0,43378.0
hp,11.6,celeron,4.0,4.4,intel,32.0,14203.22
hp,11.6,celeron,4.0,4.3,intel,64.0,14759.18
hp,15.6,ryzen5,16.0,4.5,amd,512.0,49118.0
hp,14.0,i3,8.0,4.4,intel,64.0,15498.0
hp,14.0,ryzen3,16.0,4.7,amd,1024.0,41819.18
hp,15.6,i3,16.0,4.4,intel,1024.0,38458.0
hp,14.0,celeron,4.0,4.4,intel,64.0,18696.0
hp,17.3,i7,64.0,4.8,intel,2048.0,123738.0
hp,15.6,i7,16.0,4.5,intel,512.0,72078.0
hp,15.6,i3,8.0,4.2,intel,256.0,28166.18
hp,15.6,i3,16.0,4.4,intel,512.0,35998.0
hp,14.0,celeron,4.0,4.4,intel,64.0,19598.0
hp,14.0,celeron,4.0,4.3,intel,64.0,24518.0
hp,17.3,i5,16.0,4.4,intel,1024.0,51168.0
hp,15.6,i5,16.0,4.5,intel,512.0,44271.8
hp,15.6,i3,8.0,4.3,intel,256.0,31898.0
hp,15.6,i3,8.0,4.4,intel,256.0,24599.18
dell,15.6,celeron,8.0,4.4,intel,128.0,30750.0
dell,15.6,i5,32.0,4.4,intel,1024.0,53659.98
dell,15.6,celeron,16.0,4.3,intel,1024.0,37638.0
dell,15.6,i5,32.0,4.3,intel,1024.0,43459.18
asus,11.6,celeron,4.0,4.2,other,64.0,11644.0
asus,15.6,i3,4.0,4.7,intel,64.0,10659.18
samsung,15.6,i5,8.0,4.3,intel,512.0,82000.0
samsung,15.6,i5,8.0,4.1,intel,256.0,49199.18
samsung,13.3,i7,16.0,4.4,intel,512.0,78310.0
samsung,12.2,celeron,4.0,4.4,intel,64.0,16399.18
samsung,14.0,i3,4.0,4.3,other,512.0,19270.0
samsung,14.0,i3,4.0,4.2,other,128.0,20909.18
samsung,13.3,i5,8.0,3.8,intel,256.0,90199.18
samsung,13.3,i5,8.0,3.9,intel,256.0,81918.0
asus,15.6,i3,12.0,5.0,intel,512.0,32791.8
samsung,11.6,celeron,4.0,4.4,intel,16.0,3852.36
asus,14.0,ryzen5,8.0,4.4,intel,512.0,54963.78
asus,14.0,ryzen7,16.0,4.3,amd,1024.0,81999.18000000001
asus,17.3,i5,12.0,3.4,intel,1024.0,36079.18
asus,15.6,ryzen7,8.0,4.0,nvidia,1024.0,57399.18
asus,14.0,ryzen7,16.0,4.3,nvidia,1024.0,72816.0
other,13.3,i7,16.0,4.1,intel,512.0,68796.36
other,13.3,i5,8.0,4.6,intel,256.0,57316.36
samsung,15.6,i7,16.0,4.6,intel,1024.0,118899.18
asus,14.0,i3,4.0,4.8,intel,128.0,19675.9
asus,12.0,celeron,4.0,4.2,intel,128.0,13612.0
dell,15.6,i3,32.0,3.8,intel,1024.0,47559.18
dell,15.6,i5,16.0,3.3,intel,1024.0,73718.0
asus,15.6,i5,12.0,4.5,intel,512.0,49118.0
dell,15.6,i5,8.0,4.4,intel,256.0,38531.8
asus,16.0,i5,8.0,5.0,intel,512.0,56170.0
asus,15.6,i7,32.0,3.4,nvidia,1024.0,109879.18
asus,14.0,i3,8.0,4.8,intel,256.0,34768.0
asus,14.0,i3,8.0,4.1,intel,64.0,20499.18
dell,15.6,i5,16.0,3.7,intel,1024.0,52479.18
samsung,15.6,i5,8.0,4.0,intel,256.0,32799.18
asus,15.6,celeron,4.0,4.3,intel,128.0,23698.0
asus,15.6,i3,20.0,3.3,intel,1024.0,35178.0
asus,15.6,ryzen7,16.0,4.5,nvidia,1024.0,106599.18
dell,13.3,i5,16.0,5.0,intel,512.0,49293.48
dell,15.6,celeron,16.0,4.0,intel,1024.0,45015.54
asus,15.6,ryzen9,16.0,4.1,nvidia,1024.0,123819.18
asus,14.0,i3,8.0,4.2,intel,64.0,15899.8
asus,15.6,i3,12.0,4.3,intel,512.0,32799.18
asus,15.6,ryzen3,4.0,4.1,amd,64.0,40999.18
dell,13.4,i7,32.0,2.0,intel,1024.0,163918.0
samsung,12.2,i3,4.0,4.3,intel,64.0,18039.18
samsung,11.6,celeron,4.0,4.4,intel,16.0,3771.18
asus,14.0,ryzen5,8.0,3.9,nvidia,256.0,47468.16
dell,14.0,i7,12.0,4.5,intel,512.0,61418.0
dell,16.0,i7,64.0,4.3,intel,2048.0,123738.0
dell,15.6,celeron,16.0,4.2,intel,512.0,41164.0
samsung,12.1,i3,2.0,3.0,intel,16.0,6478.0
dell,15.6,i3,16.0,3.8,intel,1024.0,40999.18
dell,15.6,i5,16.0,4.1,intel,1024.0,59039.18
dell,14.1,i3,2.0,3.9,intel,512.0,9266.0
dell,15.6,i5,32.0,2.6,intel,256.0,65518.0
dell,15.6,ryzen7,16.0,5.0,amd,512.0,61909.18
dell,16.0,i7,16.0,3.8,intel,512.0,95198.72
dell,17.0,i7,32.0,3.8,nvidia,1024.0,154816.0
dell,14.0,i3,4.0,3.2,amd,128.0,27798.0
dell,13.4,i7,16.0,5.0,intel,512.0,135218.0
dell,15.6,i3,8.0,4.7,intel,128.0,31971.8
dell,17.3,i5,16.0,4.3,intel,1024.0,90118.0
asus,11.6,celeron,4.0,4.2,intel,64.0,9758.0
asus,14.0,ryzen7,4.0,5.0,nvidia,1024.0,81179.18000000001
asus,11.6,celeron,4.0,4.3,intel,16.0,5739.179999999999
asus,14.0,ryzen5,8.0,4.5,amd,512.0,51529.62
asus,14.0,celeron,4.0,4.3,intel,128.0,24599.18
asus,17.3,i5,16.0,5.0,intel,512.0,76734.78
asus,16.0,i7,64.0,3.5,nvidia,1024.0,172199.18
asus,11.6,celeron,4.0,3.8,intel,128.0,20499.18
asus,14.0,ryzen3,12.0,5.0,intel,512.0,32791.8
asus,14.0,celeron,4.0,4.3,intel,64.0,14678.0
asus,17.3,i7,16.0,4.4,nvidia,512.0,144980.91999999998
asus,15.6,i3,12.0,4.6,intel,512.0,33619.18
asus,15.6,i3,8.0,4.4,intel,128.0,21238.0
asus,14.0,celeron,4.0,4.2,intel,32.0,16604.18
asus,16.0,i7,40.0,2.0,nvidia,512.0,135217.18
asus,16.0,i7,16.0,4.4,intel,512.0,72979.18000000001
asus,14.0,ryzen7,40.0,3.8,amd,1024.0,107403.6
asus,15.6,i5,8.0,4.6,nvidia,512.0,57318.0
asus,15.6,i5,8.0,4.9,intel,1024.0,48106.12
asus,15.6,i7,20.0,3.9,intel,1024.0,73718.0
asus,15.6,i7,32.0,3.9,nvidia,1024.0,245974.58
asus,14.0,celeron,4.0,4.4,intel,256.0,18778.0
asus,15.6,ryzen9,24.0,3.7,nvidia,1024.0,123811.8
asus,15.6,i7,16.0,4.5,intel,1024.0,122999.18
asus,14.0,i3,8.0,4.5,intel,64.0,24599.18
asus,14.0,celeron,4.0,4.3,intel,64.0,16318.0
asus,17.3,ryzen9,16.0,4.3,nvidia,1024.0,195078.0
asus,17.3,celeron,4.0,4.2,intel,32.0,23288.0
asus,17.3,ryzen7,16.0,4.5,nvidia,512.0,118899.18
asus,15.6,ryzen9,32.0,5.0,amd,2048.0,135291.80000000002
asus,14.0,celeron,4.0,4.5,intel,4.0,16318.0
asus,14.0,ryzen5,8.0,4.5,nvidia,256.0,49118.0
asus,17.3,i5,8.0,4.4,intel,128.0,51578.0
asus,12.0,i3,4.0,4.1,other,32.0,21238.0
asus,14.0,celeron,4.0,4.0,intel,64.0,15579.18
asus,14.0,celeron,4.0,4.3,intel,32.0,15829.28
asus,17.0,i5,12.0,4.5,intel,1024.0,39031.18
asus,14.0,i5,8.0,3.9,intel,512.0,90199.18
asus,17.3,i7,16.0,4.6,intel,1024.0,73718.0
asus,11.6,celeron,4.0,4.0,intel,128.0,14759.18
asus,15.6,i5,8.0,4.0,intel,256.0,40998.36
asus,14.0,i5,8.0,3.0,nvidia,256.0,63139.18
asus,15.6,i5,32.0,5.0,nvidia,1024.0,81918.0
asus,14.0,i3,8.0,4.7,intel,64.0,21238.0
asus,15.6,i9,64.0,5.0,nvidia,2048.0,195979.18
asus,15.6,ryzen7,8.0,5.0,amd,512.0,62696.380000000005
asus,16.0,i7,16.0,4.2,intel,512.0,81999.18000000001
asus,14.0,i3,4.0,3.5,intel,128.0,30339.18
dell,15.6,i3,8.0,4.4,intel,128.0,43869.18
dell,15.6,i5,8.0,4.3,nvidia,256.0,81999.18000000001
dell,14.0,i5,16.0,5.0,intel,512.0,49118.0
dell,15.6,i7,16.0,5.0,nvidia,1024.0,124475.18
dell,15.6,i7,16.0,4.4,nvidia,512.0,139318.0
dell,15.6,ryzen7,32.0,4.2,nvidia,1024.0,67978.0
dell,14.0,i7,16.0,4.2,intel,1024.0,122999.18
dell,15.6,i7,16.0,4.3,nvidia,256.0,122918.0
dell,14.0,i3,8.0,5.0,intel,1024.0,40918.0
dell,16.0,i7,16.0,4.3,intel,1024.0,79376.0
dell,15.6,i5,16.0,5.0,intel,1024.0,49938.0
dell,15.6,i5,16.0,3.9,amd,512.0,65518.0
dell,14.0,i5,8.0,5.0,intel,256.0,50594.0
dell,15.6,i5,16.0,4.3,intel,512.0,36899.18
dell,14.0,i5,16.0,4.0,intel,256.0,65598.36
dell,15.6,i7,16.0,4.3,nvidia,512.0,114799.18
dell,15.6,i7,32.0,4.6,nvidia,1024.0,148338.0
dell,14.0,i7,16.0,4.2,intel,512.0,73718.0
dell,15.6,i3,8.0,4.6,intel,128.0,26158.0
dell,15.6,i7,16.0,4.2,intel,512.0,57318.0
dell,16.0,i7,64.0,4.0,nvidia,2048.0,147518.0
dell,15.6,i5,8.0,4.0,intel,256.0,45099.18
dell,15.6,i5,32.0,4.2,intel,1024.0,54354.52
dell,15.6,i3,8.0,4.0,intel,1024.0,21811.18
asus,15.6,i7,16.0,4.3,nvidia,1024.0,205000.0
asus,15.6,i3,20.0,4.1,intel,512.0,40918.0
asus,15.6,ryzen7,32.0,5.0,nvidia,1024.0,113151.8
asus,15.6,ryzen5,8.0,5.0,amd,512.0,60269.18
asus,14.0,i7,16.0,4.1,intel,1024.0,67978.0
asus,15.6,i7,16.0,4.6,intel,512.0,90118.0
asus,14.0,i7,16.0,3.9,nvidia,1024.0,80359.18000000001
asus,15.6,ryzen7,16.0,4.5,nvidia,1024.0,73799.18000000001
asus,15.6,i7,16.0,4.2,nvidia,1024.0,178678.0
asus,14.0,i3,8.0,2.3,intel,64.0,15498.0
asus,14.0,i7,8.0,4.5,intel,256.0,102418.0
asus,15.6,celeron,4.0,4.0,intel,128.0,24518.0
asus,14.0,i3,4.0,4.3,intel,128.0,14759.18
asus,13.3,i5,8.0,4.4,intel,256.0,58449.6
asus,15.6,ryzen7,16.0,4.1,amd,512.0,73799.18000000001
asus,15.6,i3,4.0,4.5,intel,128.0,22058.0
asus,14.0,i3,4.0,4.3,intel,128.0,19101.9
asus,15.6,ryzen5,8.0,4.4,nvidia,256.0,54858.0
samsung,11.6,i3,2.0,4.1,intel,16.0,14431.18
asus,10.5,i3,4.0,4.2,other,64.0,21532.38
samsung,11.6,celeron,4.0,4.3,intel,32.0,22796.0
hp,14.0,celeron,4.0,4.6,other,64.0,27059.18
dell,15.6,ryzen5,8.0,5.0,amd,256.0,44279.18
dell,15.6,i3,8.0,4.5,intel,256.0,22131.8
asus,15.6,ryzen3,8.0,4.4,amd,256.0,40999.18
asus,15.6,ryzen7,16.0,4.5,nvidia,512.0,86018.0
asus,15.6,i7,16.0,3.5,intel,1024.0,76998.0
asus,15.6,celeron,8.0,4.1,intel,64.0,18367.18
asus,14.0,celeron,4.0,4.0,intel,64.0,17138.0
asus,14.0,i7,16.0,4.2,nvidia,512.0,111437.18
asus,17.3,ryzen5,8.0,4.5,amd,512.0,57399.18
asus,16.0,i7,32.0,3.5,nvidia,1024.0,122999.18
other,15.6,celeron,4.0,3.9,intel,128.0,24599.18
samsung,11.6,celeron,4.0,4.4,intel,16.0,5574.360000000001
samsung,13.3,i5,8.0,4.4,intel,256.0,63959.18
other,13.3,celeron,8.0,4.1,other,128.0,16399.18
samsung,11.6,i3,4.0,4.6,intel,16.0,5976.16
samsung,11.6,celeron,2.0,4.4,intel,16.0,5731.8
asus,15.6,ryzen7,32.0,4.6,nvidia,512.0,87722.78
asus,15.6,i3,20.0,4.6,intel,1024.0,40999.18
asus,15.6,i5,8.0,5.0,intel,512.0,53295.08
asus,14.0,i3,8.0,4.5,intel,320.0,26158.0
asus,15.6,ryzen7,8.0,4.6,nvidia,512.0,94299.18
asus,15.6,celeron,4.0,4.0,intel,64.0,18039.18
other,15.6,celeron,12.0,4.0,intel,512.0,32799.18
samsung,11.6,i3,4.0,4.4,intel,32.0,4095.9
asus,15.6,i9,16.0,3.0,nvidia,512.0,286918.0
samsung,11.6,i3,2.0,3.7,intel,16.0,4099.18
chuwi,13.0,celeron,8.0,4.1,intel,256.0,24518.0
dell,13.3,i5,8.0,4.0,intel,512.0,45920.0
dell,15.0,i5,8.0,3.5,intel,256.0,36644.98
dell,15.6,i5,8.0,4.5,nvidia,512.0,64370.0
dell,15.6,i5,16.0,3.9,intel,512.0,45385.36
dell,15.6,i5,8.0,3.5,intel,256.0,55760.0
asus,13.3,ryzen7,16.0,3.8,amd,1024.0,139399.18
asus,15.6,ryzen9,16.0,4.3,nvidia,1024.0,156291.18
asus,15.6,i7,32.0,4.6,nvidia,1024.0,97087.18
asus,14.5,i7,16.0,3.5,intel,1024.0,86008.16
asus,16.0,i7,32.0,4.2,nvidia,1024.0,172118.0
asus,11.6,celeron,4.0,4.2,intel,32.0,8036.0
samsung,15.6,i7,16.0,4.7,intel,512.0,106599.18
hp,15.6,i5,16.0,4.0,intel,1024.0,54939.18
samsung,11.6,i3,2.0,4.1,intel,16.0,3196.36
other,15.0,i7,16.0,5.0,intel,1024.0,196718.0
samsung,11.6,i3,4.0,4.1,other,16.0,4099.18
samsung,11.0,i3,4.0,4.5,intel,32.0,16399.18
samsung,11.6,celeron,4.0,3.0,intel,160.0,13447.18
samsung,12.4,i3,64.0,4.7,other,512.0,41240.26
dell,16.0,i7,16.0,3.9,nvidia,512.0,103319.18
dell,15.6,i7,32.0,4.0,intel,1024.0,91019.18
dell,15.6,ryzen7,32.0,3.4,nvidia,1024.0,81999.18000000001
asus,17.3,i5,16.0,5.0,intel,1024.0,47478.0
asus,14.0,i3,8.0,4.7,intel,64.0,16318.0
asus,15.6,i7,16.0,5.0,intel,512.0,90199.18
asus,13.4,i7,16.0,4.3,nvidia,512.0,111519.18
excaliberpc,14.0,ryzen9,16.0,4.0,amd,1024.0,135299.18
samsung,15.6,i3,8.0,3.9,amd,1024.0,38539.18
samsung,11.6,i3,64.0,4.4,intel,64.0,11439.82
samsung,11.6,celeron,4.0,4.4,intel,16.0,7298.0
samsung,15.6,i7,16.0,5.0,intel,512.0,106518.0
samsung,11.6,celeron,2.0,4.2,intel,16.0,4099.18
samsung,11.6,celeron,4.0,3.5,intel,16.0,9430.0
dell,11.6,i3,4.0,4.1,amd,128.0,19598.0
dell,15.6,i5,16.0,4.0,intel,1024.0,59778.0
dell,15.6,i3,8.0,4.4,intel,256.0,31078.0
asus,15.6,i7,16.0,4.2,nvidia,1024.0,81999.18000000001
asus,14.0,celeron,4.0,4.2,intel,128.0,16399.18
asus,15.6,i7,16.0,4.5,nvidia,1024.0,131199.18
asus,14.0,i7,16.0,3.9,intel,1024.0,134824.4
asus,15.6,i7,16.0,4.5,nvidia,1024.0,192428.58
asus,15.6,ryzen7,16.0,4.2,nvidia,512.0,94299.18
asus,15.6,i7,16.0,4.4,nvidia,512.0,73304.72
asus,15.6,ryzen9,32.0,4.5,nvidia,1024.0,147599.18
asus,11.6,celeron,4.0,4.5,intel,128.0,18778.0
asus,14.0,i3,8.0,4.3,intel,64.0,20418.0
other,11.6,celeron,4.0,4.4,intel,32.0,14678.0
samsung,11.6,celeron,6.0,4.4,intel,64.0,13038.0
samsung,15.6,celeron,4.0,4.4,intel,32.0,12299.18
samsung,13.3,i5,8.0,3.2,intel,256.0,98807.54
hp,14.0,ryzen3,8.0,4.4,amd,256.0,32718.0
samsung,14.0,i3,4.0,2.0,other,64.0,15579.18
samsung,15.6,i7,16.0,3.3,intel,256.0,73718.0
dell,15.6,i5,12.0,4.2,intel,256.0,33538.0
dell,13.3,i7,16.0,5.0,intel,16.0,98318.0
asus,15.6,i5,8.0,5.0,intel,512.0,45018.0
asus,13.3,i7,16.0,4.5,intel,512.0,88559.18000000001
asus,14.0,i3,8.0,2.5,intel,320.0,26158.0
asus,14.0,celeron,4.0,4.3,intel,128.0,14135.16
asus,15.6,celeron,4.0,4.7,intel,128.0,19679.18
asus,15.6,ryzen7,16.0,4.5,amd,512.0,90118.0
asus,15.6,i9,32.0,4.8,intel,1024.0,245999.18
asus,14.0,ryzen7,16.0,4.5,nvidia,1024.0,98399.18
samsung,15.6,i7,16.0,4.3,intel,1024.0,106599.18
samsung,15.6,celeron,4.0,4.2,intel,32.0,21802.98
samsung,13.3,i5,16.0,5.0,intel,256.0,108210.48
samsung,11.6,celeron,2.0,4.4,intel,16.0,7128.26
samsung,13.3,i3,8.0,3.7,other,256.0,31078.0
samsung,13.0,i7,16.0,5.0,intel,512.0,90115.54
samsung,12.2,i3,4.0,4.5,intel,32.0,24518.0
dell,14.0,i5,16.0,5.0,intel,16.0,53218.0
dell,15.6,i5,16.0,4.6,intel,256.0,43555.12
dell,15.6,i5,16.0,4.1,intel,1024.0,46248.0
dell,15.6,i3,8.0,5.0,intel,128.0,45919.18
dell,15.6,celeron,8.0,4.3,intel,128.0,17138.0
dell,15.6,celeron,4.0,4.1,intel,128.0,26239.18
asus,17.3,celeron,32.0,4.6,intel,32.0,22878.0
asus,14.0,ryzen9,16.0,4.5,amd,1024.0,122171.8
asus,14.0,i3,4.0,4.3,intel,128.0,28699.18
asus,17.3,celeron,4.0,4.4,intel,64.0,20499.18
asus,15.6,ryzen5,8.0,4.2,amd,256.0,45099.18
asus,15.6,i3,8.0,4.3,intel,128.0,31947.2
lenovo,11.6,celeron,4.0,4.4,intel,64.0,11224.98
samsung,15.6,i7,16.0,4.4,nvidia,1024.0,93232.36
samsung,14.0,i7,16.0,5.0,intel,1024.0,200900.0
samsung,11.6,celeron,4.0,4.6,intel,32.0,11398.0
dell,15.6,ryzen3,16.0,3.7,amd,512.0,44198.0
dell,15.6,i5,16.0,3.8,intel,512.0,49191.8
dell,15.6,i5,32.0,5.0,intel,1024.0,54038.0
dell,17.0,i7,16.0,3.9,nvidia,1024.0,147190.0
asus,14.0,i3,8.0,4.7,intel,128.0,25338.0
asus,16.6,ryzen9,16.0,4.2,amd,1024.0,143499.18
asus,15.6,i7,16.0,4.4,intel,512.0,85756.42
asus,12.0,celeron,4.0,4.2,intel,256.0,15498.0
asus,14.0,i5,8.0,4.4,intel,512.0,63846.02
asus,14.0,i3,20.0,3.8,intel,128.0,35095.18
asus,14.0,celeron,4.0,4.0,intel,64.0,13858.0
asus,11.6,celeron,4.0,4.2,intel,64.0,10045.0
asus,14.0,celeron,4.0,4.4,intel,64.0,18778.0
samsung,11.6,celeron,4.0,4.0,intel,32.0,10069.6
asus,14.0,ryzen7,8.0,3.9,amd,512.0,57318.0
samsung,15.0,i5,8.0,4.1,intel,256.0,51245.9
samsung,12.2,celeron,4.0,4.1,intel,1024.0,15579.18
samsung,15.6,celeron,4.0,4.4,intel,64.0,19188.0
dell,15.6,i5,32.0,4.9,intel,512.0,42640.0
dell,15.6,i5,16.0,3.8,intel,1024.0,49118.0
dell,15.6,i5,16.0,5.0,intel,1024.0,52398.0
dell,15.6,i3,8.0,4.1,intel,256.0,33693.8
asus,14.0,celeron,4.0,4.4,intel,320.0,18859.18
asus,11.6,celeron,4.0,4.4,intel,256.0,15497.18
asus,11.6,celeron,4.0,4.4,intel,64.0,12382.0
asus,16.0,ryzen5,16.0,4.0,amd,512.0,57399.18
asus,14.0,ryzen5,8.0,4.2,amd,512.0,48216.0
asus,15.6,ryzen5,8.0,4.7,amd,512.0,61409.8
asus,14.5,i7,12.0,3.6,intel,512.0,65968.18000000001
asus,14.0,celeron,4.0,4.3,intel,32.0,11644.0
asus,17.3,i7,16.0,4.5,intel,1024.0,81999.18000000001
samsung,13.3,i5,8.0,4.2,intel,256.0,80275.54000000001
samsung,13.3,i7,8.0,4.5,intel,512.0,81918.0
samsung,15.6,i7,16.0,4.3,intel,512.0,79535.90000000001
samsung,11.6,celeron,4.0,4.5,intel,32.0,14678.0
samsung,13.0,i5,16.0,4.7,intel,512.0,86099.18000000001
dell,15.6,i7,32.0,4.5,intel,1024.0,91074.12
samsung,11.6,celeron,4.0,4.4,intel,32.0,8609.18
dell,15.6,i5,12.0,4.3,intel,256.0,37720.0
dell,16.0,i5,8.0,4.2,intel,512.0,49118.0
asus,15.6,i5,20.0,4.2,intel,1024.0,60598.0
dell,15.6,ryzen5,32.0,4.6,amd,1024.0,48453.8
asus,14.0,i3,4.0,4.4,intel,128.0,21238.0
asus,15.6,ryzen7,16.0,4.7,nvidia,1024.0,102003.08
asus,13.3,i7,16.0,4.4,intel,1024.0,104058.0
asus,14.0,celeron,4.0,4.5,intel,128.0,17138.0
asus,15.6,i3,20.0,4.3,intel,1024.0,38458.0
asus,15.6,i3,20.0,4.4,intel,1024.0,40999.18
asus,15.6,i5,12.0,4.2,intel,512.0,52143.8
dell,15.6,i3,16.0,4.2,intel,128.0,36818.0
dell,13.3,i3,16.0,3.7,intel,512.0,46248.0
dell,16.0,i7,16.0,3.4,intel,1024.0,57372.12
dell,15.6,celeron,4.0,4.3,intel,128.0,18445.9
dell,15.6,i5,12.0,4.3,intel,256.0,35998.0
dell,15.6,i5,16.0,3.9,intel,512.0,38539.18
dell,15.6,i5,16.0,4.3,intel,512.0,38458.0
asus,15.6,i3,12.0,4.2,intel,128.0,32798.36
asus,16.0,ryzen9,32.0,4.4,nvidia,1024.0,135299.18
asus,15.0,i5,8.0,4.5,intel,512.0,54091.3
asus,16.0,ryzen9,64.0,4.4,nvidia,2048.0,196799.18
asus,15.6,i3,20.0,4.3,intel,512.0,40918.0
asus,14.0,celeron,4.0,4.3,intel,320.0,20499.18
asus,11.6,celeron,4.0,4.0,intel,64.0,10659.18
asus,15.6,ryzen9,16.0,4.0,nvidia,1024.0,98399.18
samsung,13.3,i7,8.0,4.3,intel,512.0,81918.0
asus,11.6,celeron,4.0,4.1,intel,32.0,17046.16
other,14.0,celeron,64.0,3.7,intel,64.0,16318.0
asus,15.6,ryzen7,16.0,4.4,nvidia,512.0,89705.54000000001
asus,14.0,celeron,4.0,4.2,intel,64.0,10659.18
microsoft,15.0,i7,32.0,4.6,other,1024.0,159816.36000000002
lenovo,14.0,i3,4.0,3.9,amd,64.0,10659.18
microsoft,12.4,i5,8.0,4.6,intel,256.0,35882.38
microsoft,13.5,i5,8.0,4.3,intel,256.0,58957.18
microsoft,15.0,ryzen7,8.0,4.8,amd,512.0,96759.18
microsoft,12.4,i5,8.0,4.2,intel,128.0,34358.0
microsoft,15.0,i5,8.0,4.2,intel,128.0,51496.0
microsoft,14.4,i5,16.0,4.5,intel,512.0,106517.18
microsoft,13.5,ryzen5,8.0,4.3,amd,128.0,62721.8
microsoft,10.5,i3,4.0,4.5,intel,64.0,22863.24
microsoft,13.5,i5,8.0,4.5,intel,128.0,63878.0
microsoft,12.3,i5,16.0,4.5,intel,1024.0,57397.54
hp,14.0,i3,4.0,4.3,amd,64.0,19268.36
lenovo,11.6,i3,4.0,4.5,other,64.0,16318.0
microsoft,13.5,i5,8.0,4.7,intel,512.0,81999.18000000001
other,11.6,celeron,4.0,4.3,intel,64.0,10249.18
other,15.6,celeron,16.0,4.7,intel,512.0,32799.18
hp,15.6,i3,8.0,4.4,intel,128.0,31898.0
lenovo,11.6,celeron,4.0,4.1,intel,64.0,13038.0
microsoft,12.3,i3,4.0,4.3,intel,128.0,42215.240000000005
hp,14.0,celeron,4.0,4.0,intel,64.0,12218.0
microsoft,15.0,ryzen7,8.0,4.6,amd,512.0,94180.28
hp,15.6,i3,16.0,4.8,amd,512.0,36818.0
microsoft,13.5,i7,8.0,4.4,intel,256.0,114718.0
hp,14.0,i3,8.0,4.3,amd,64.0,34358.0
microsoft,10.0,i3,8.0,4.4,intel,128.0,15908.0
asus,14.0,celeron,4.0,4.3,intel,64.0,26239.18
microsoft,13.0,i5,8.0,4.0,intel,256.0,63959.18
microsoft,12.3,i3,8.0,4.4,intel,128.0,44306.240000000005
microsoft,13.5,i7,16.0,5.0,nvidia,1024.0,190479.44
microsoft,13.0,i7,16.0,4.5,intel,256.0,79663.81999999999
microsoft,15.0,i7,16.0,3.9,nvidia,256.0,65608.2
microsoft,13.0,i5,8.0,4.4,intel,256.0,67230.98
other,10.1,i3,4.0,3.2,intel,64.0,8036.0
microsoft,13.0,i7,16.0,4.3,intel,1024.0,168320.58000000002
microsoft,15.0,ryzen7,16.0,4.1,amd,512.0,72570.0
microsoft,15.0,ryzen7,16.0,4.2,amd,512.0,131642.80000000002
microsoft,15.0,i7,32.0,4.3,nvidia,2048.0,229599.18
microsoft,12.4,i5,64.0,3.0,intel,64.0,34439.18
hp,14.0,i3,4.0,4.4,amd,64.0,14678.0
microsoft,15.0,i7,32.0,4.2,nvidia,1024.0,187482.34
other,15.6,celeron,8.0,4.2,intel,256.0,28618.0
microsoft,13.5,i5,8.0,3.9,intel,128.0,43378.0
microsoft,13.5,i7,16.0,4.4,intel,512.0,72570.0
microsoft,12.3,i3,8.0,4.4,intel,256.0,40180.0
hp,15.6,i3,16.0,4.0,intel,512.0,45018.0
microsoft,15.0,ryzen5,8.0,4.3,amd,256.0,40098.0
microsoft,13.0,i5,16.0,3.6,other,256.0,57399.18
dell,13.3,i5,8.0,4.2,intel,512.0,53218.0
microsoft,13.5,i5,8.0,4.4,intel,1024.0,134266.80000000002
microsoft,12.4,i5,8.0,4.1,intel,512.0,65599.18000000001
microsoft,14.4,i7,16.0,1.0,other,512.0,163999.18
microsoft,12.4,i5,8.0,4.6,intel,512.0,57399.18
hp,11.6,celeron,4.0,4.2,intel,32.0,11069.18
microsoft,12.4,i5,16.0,3.9,intel,256.0,45510.0
microsoft,10.51,i3,4.0,4.3,intel,64.0,30340.0
microsoft,13.5,i5,8.0,4.3,intel,256.0,64370.0
samsung,15.6,i7,16.0,4.3,nvidia,512.0,106518.0
samsung,14.0,celeron,4.0,4.2,other,32.0,17453.7
samsung,14.0,i3,4.0,4.3,other,128.0,25419.18
samsung,13.3,i3,8.0,4.4,intel,128.0,40918.0
samsung,11.6,celeron,4.0,4.5,intel,32.0,11070.0
microsoft,12.45,i5,8.0,4.5,intel,256.0,58219.18
msi,15.6,i7,32.0,5.0,nvidia,1024.0,118899.18
other,14.0,celeron,4.0,3.6,intel,128.0,16318.0
samsung,15.6,i7,32.0,4.1,intel,1024.0,147599.18
