,Brand,Screen_Size,CPU_Model,Ram,Rating,Graphics,Disk_size,Price
0,Microsoft,12.4,i5,4.0,3.9,Intel,256.0,29519.18
1,HP,34.0,i7,32.0,4.4,Nvidia,512.0,177694.0
2,Dell,15.6,i5,16.0,4.3,Intel,256.0,67076.0
3,MSI,15.6,ryzen5,16.0,4.5,AMD,512.0,57318.0
4,MSI,17.3,i9,64.0,5.0,Nvidia,2048.0,200899.18
5,Alienware,17.3,i7,16.0,5.0,Nvidia,1024.0,147595.9
6,EXCaliberPC,17.3,i7,16.0,4.1,Nvidia,512.0,139318.0
7,EXCaliberPC,17.0,i7,32.0,0.0,Nvidia,1024.0,250018.0
8,EXCaliberPC,15.6,i7,16.0,0.0,Nvidia,1024.0,155718.0
9,EXCaliberPC,13.4,i7,32.0,0.0,Intel,1024.0,127018.0
10,EXCaliberPC,17.3,i9,64.0,5.0,Nvidia,3072.0,356290.0
11,EXCaliberPC,16.0,i7,32.0,0.0,Nvidia,1024.0,250018.0
12,EXCaliberPC,15.6,i9,16.0,5.0,Nvidia,512.0,147518.0
13,EXCaliberPC,17.3,i7,32.0,5.0,Nvidia,4096.0,270190.0
14,GIGABYTE,15.6,ryzen9,16.0,4.1,Nvidia,512.0,114718.0
15,Panasonic,14.0,i5,4.0,3.1,Intel,320.0,159899.18
16,MSI,15.6,i5,16.0,5.0,Nvidia,1024.0,56579.18
17,EXCaliberPC,17.3,i7,32.0,5.0,Nvidia,1024.0,204918.0
18,EXCaliberPC,15.6,i7,32.0,0.0,Nvidia,1024.0,217218.0
19,EXCaliberPC,17.3,i9,32.0,5.0,Nvidia,1024.0,262318.0
20,EXCaliberPC,15.6,i9,64.0,5.0,Nvidia,4096.0,376790.0
21,MSI,17.3,i9,32.0,5.0,Nvidia,1024.0,155718.0
22,EXCaliberPC,17.0,i9,64.0,0.0,Nvidia,4096.0,425990.0
23,EXCaliberPC,15.6,i9,16.0,0.0,Nvidia,1024.0,139318.0
24,EXCaliberPC,16.0,i7,64.0,0.0,Nvidia,1024.0,190158.0
25,MSI,15.6,i5,32.0,4.2,Nvidia,1024.0,65518.0
26,MSI,15.6,i7,32.0,4.8,Intel,1024.0,155718.0
27,other,14.0,celeron,4.0,3.8,Intel,128.0,18859.18
28,MSI,17.3,i5,8.0,0.0,Nvidia,512.0,80257.5
29,MSI,17.3,i7,16.0,0.0,Nvidia,1024.0,135998.63999999998
30,EXCaliberPC,14.0,i5,16.0,3.0,Nvidia,512.0,90118.0
31,EXCaliberPC,16.0,i7,16.0,0.0,Nvidia,1024.0,196718.0
32,EXCaliberPC,15.6,i9,32.0,0.0,Nvidia,1024.0,229518.0
33,EXCaliberPC,17.3,i7,16.0,0.0,Nvidia,1024.0,196718.0
34,EXCaliberPC,16.0,i7,32.0,0.0,Nvidia,1024.0,295118.0
35,EXCaliberPC,17.3,i7,16.0,0.0,Nvidia,512.0,118818.0
36,EXCaliberPC,14.0,i7,16.0,3.0,Nvidia,512.0,98318.0
37,EXCaliberPC,14.0,i5,16.0,0.0,Intel,512.0,90118.0
38,EXCaliberPC,15.6,ryzen7,16.0,0.0,AMD,1024.0,122918.0
39,EXCaliberPC,16.0,i7,16.0,0.0,Nvidia,1024.0,132758.0
40,EXCaliberPC,15.6,i7,64.0,0.0,Nvidia,1024.0,237718.0
41,EXCaliberPC,14.0,i7,16.0,0.0,Intel,1024.0,106518.0
42,EXCaliberPC,14.0,i5,16.0,0.0,Intel,512.0,70045.22
43,EXCaliberPC,14.0,i7,16.0,0.0,Intel,1024.0,129478.0
44,other,16.2,i7,32.0,4.9,Other,512.0,237718.0
45,other,13.3,i7,16.0,2.8,Other,1024.0,120453.9
46,MSI,17.3,i7,16.0,0.0,Nvidia,512.0,101922.72
47,MSI,15.6,i7,16.0,5.0,Intel,1024.0,77950.02
48,MSI,17.3,i7,32.0,0.0,Nvidia,1024.0,135218.0
49,MSI,17.3,i7,32.0,0.0,Nvidia,1024.0,170924.9
50,MSI,16.0,i9,32.0,4.6,Nvidia,2048.0,221318.0
51,Acer,15.6,i3,4.0,4.3,Intel,128.0,19598.0
52,EXCaliberPC,17.3,i9,32.0,0.0,Nvidia,1024.0,245918.0
53,MSI,16.0,i7,32.0,4.2,Nvidia,1024.0,71340.0
54,MSI,17.3,i7,16.0,4.5,Nvidia,1024.0,126033.18
55,MSI,15.6,i5,8.0,5.0,Intel,512.0,85732.64
56,MSI,15.6,i7,8.0,3.0,Intel,1024.0,58588.18
57,EXCaliberPC,15.6,i9,64.0,0.0,Nvidia,4096.0,270190.0
58,MSI,16.0,i7,32.0,4.2,Nvidia,1024.0,71340.0
59,MSI,17.3,i9,64.0,0.0,Nvidia,2048.0,197538.0
60,MSI,17.3,i7,16.0,5.0,Nvidia,1024.0,122691.68
61,MSI,17.3,i7,32.0,0.0,Nvidia,32.0,143499.18
62,EXCaliberPC,17.3,i7,16.0,0.0,Nvidia,1024.0,163918.0
63,MSI,15.6,i5,16.0,4.1,Nvidia,1024.0,57399.18
64,MSI,17.3,i7,16.0,0.0,Nvidia,1024.0,90118.0
65,MSI,15.6,i7,64.0,3.7,Nvidia,2048.0,135218.0
66,MSI,15.6,i7,16.0,4.0,Nvidia,512.0,135218.0
67,MSI,14.1,i5,8.0,4.3,Intel,512.0,57399.18
68,MSI,14.0,i5,16.0,0.0,Intel,512.0,87928.59999999999
69,MSI,15.6,i7,8.0,4.5,Nvidia,512.0,50758.0
70,MSI,17.3,ryzen7,16.0,5.0,AMD,512.0,122998.36
71,MSI,15.6,i7,16.0,4.5,Nvidia,512.0,129149.18
72,MSI,14.0,i7,16.0,3.1,Nvidia,1024.0,98154.0
73,EXCaliberPC,15.6,i7,32.0,5.0,Nvidia,1024.0,155718.0
74,MSI,15.6,i7,8.0,3.9,Nvidia,512.0,81918.0
75,EXCaliberPC,15.6,i7,32.0,2.5,Nvidia,1024.0,137678.0
76,MSI,17.3,i7,16.0,4.5,Nvidia,512.0,133243.44
77,MSI,17.3,i7,16.0,4.4,Nvidia,512.0,102499.18
78,MSI,14.0,i7,16.0,0.0,Nvidia,512.0,98318.0
79,MSI,15.6,i5,16.0,0.0,Nvidia,512.0,73129.24
80,MSI,15.6,i7,16.0,0.0,Nvidia,1024.0,105283.9
81,MSI,15.6,i7,32.0,4.2,Nvidia,1024.0,204918.0
82,MSI,15.6,i7,32.0,0.0,Nvidia,2048.0,368918.0
83,MSI,15.6,i5,8.0,0.0,Nvidia,512.0,55962.54
84,EXCaliberPC,17.3,i7,16.0,5.0,Nvidia,1024.0,192618.0
85,MSI,15.6,i9,32.0,3.7,Nvidia,1024.0,385399.18
86,MSI,17.3,i7,16.0,4.3,Nvidia,1024.0,172118.0
87,MSI,14.0,i7,16.0,5.0,Nvidia,512.0,89401.31999999999
88,MSI,17.3,i7,16.0,5.0,Intel,512.0,163918.0
89,EXCaliberPC,17.0,i7,32.0,0.0,Nvidia,1024.0,250018.0
90,MSI,14.0,i7,8.0,5.0,Intel,512.0,59755.04
91,MSI,15.6,i7,16.0,4.7,Nvidia,512.0,91184.0
92,EXCaliberPC,17.3,i9,64.0,5.0,Nvidia,4096.0,376790.0
93,MSI,15.6,i7,16.0,0.0,Nvidia,512.0,73718.0
94,Lenovo,15.6,ryzen5,8.0,4.4,Nvidia,256.0,53218.0
95,MSI,15.6,i7,16.0,3.7,Nvidia,1024.0,195238.72
96,MSI,17.3,i7,32.0,4.0,Nvidia,1024.0,221318.0
97,MSI,15.6,i7,16.0,0.0,Nvidia,1024.0,131118.0
98,MSI,17.3,i9,32.0,0.0,Nvidia,1024.0,299218.0
99,EXCaliberPC,15.6,i7,16.0,0.0,Nvidia,1024.0,163918.0
100,EXCaliberPC,15.6,i7,16.0,0.0,Nvidia,1024.0,155718.0
101,MSI,15.6,i7,8.0,4.5,Nvidia,512.0,65436.0
102,MSI,15.6,i7,32.0,5.0,Intel,1024.0,180399.18
103,MSI,15.6,ryzen5,8.0,2.0,Other,256.0,57318.0
104,MSI,15.6,i7,8.0,5.0,Nvidia,512.0,72814.36
105,MSI,15.6,i7,64.0,4.2,Nvidia,1024.0,229518.0
106,MSI,15.6,i7,8.0,4.5,Nvidia,512.0,50758.0
107,MSI,15.6,i7,16.0,0.0,Nvidia,1024.0,204999.18
108,MSI,15.6,i7,16.0,5.0,Nvidia,1024.0,122918.0
109,EXCaliberPC,15.6,i7,32.0,0.0,Nvidia,512.0,114718.0
110,MSI,13.4,i5,16.0,0.0,Intel,512.0,122917.18
111,MSI,17.3,i9,32.0,4.6,Nvidia,1024.0,409918.0
112,MSI,15.6,i7,8.0,4.4,Nvidia,512.0,56578.36
113,EXCaliberPC,16.0,i7,64.0,0.0,Nvidia,1024.0,190158.0
114,MSI,14.0,i7,16.0,4.2,Nvidia,512.0,80076.28
115,EXCaliberPC,17.3,i7,16.0,0.0,Nvidia,512.0,94218.0
116,EXCaliberPC,17.3,i7,32.0,5.0,Nvidia,1024.0,147518.0
117,MSI,15.6,i7,64.0,4.4,Nvidia,1024.0,270518.0
118,MSI,15.6,i7,8.0,4.3,Nvidia,1024.0,81999.18000000001
119,MSI,16.0,i7,16.0,0.0,Nvidia,512.0,188518.0
120,EXCaliberPC,15.6,i9,16.0,0.0,Nvidia,1024.0,139318.0
121,MSI,15.6,i7,8.0,4.5,Nvidia,256.0,90199.18
122,MSI,15.6,i7,16.0,0.0,Nvidia,512.0,106518.0
123,MSI,17.3,i7,8.0,4.5,Nvidia,512.0,106599.18
124,MSI,17.3,i9,32.0,4.3,Nvidia,1024.0,278718.0
125,MSI,14.0,i5,16.0,0.0,Nvidia,512.0,83935.2
126,MSI,16.0,i9,16.0,0.0,Nvidia,1024.0,182424.58
127,MSI,15.6,i7,32.0,3.7,Nvidia,512.0,213199.18
128,MSI,14.0,i7,8.0,1.0,Intel,512.0,65518.0
129,EXCaliberPC,15.6,i7,16.0,0.0,Nvidia,1024.0,121278.0
130,MSI,15.6,i5,16.0,5.0,Nvidia,512.0,87274.23999999999
131,MSI,15.6,i7,16.0,0.0,Nvidia,512.0,106518.0
132,MSI,15.6,i7,16.0,4.5,Nvidia,512.0,77818.0
133,MSI,17.3,i7,64.0,4.2,Nvidia,512.0,163997.54
134,MSI,14.0,i5,8.0,2.0,Intel,512.0,62893.18
135,MSI,17.3,i7,16.0,0.0,Nvidia,1024.0,245918.0
136,MSI,15.6,i7,32.0,0.0,Nvidia,1024.0,168018.0
137,MSI,15.6,i5,8.0,4.5,Nvidia,256.0,46337.380000000005
138,MSI,15.6,i7,32.0,0.0,Nvidia,1024.0,151699.18
139,EXCaliberPC,17.3,i7,64.0,0.0,Nvidia,4096.0,302990.0
140,MSI,15.6,i7,4.0,4.8,Nvidia,1024.0,131118.0
141,EXCaliberPC,13.4,i7,32.0,0.0,Intel,1024.0,127018.0
142,MSI,15.6,i7,8.0,4.2,Nvidia,512.0,92208.18
143,MSI,15.6,i7,32.0,4.2,Nvidia,1024.0,163999.18
144,EXCaliberPC,15.6,i7,32.0,0.0,Nvidia,1024.0,217218.0
145,MSI,15.6,i5,8.0,0.0,Nvidia,512.0,86017.18000000001
146,MSI,14.0,i5,16.0,0.0,Intel,512.0,90118.0
147,MSI,17.3,i7,32.0,4.7,Nvidia,1024.0,163918.0
148,EXCaliberPC,17.3,i7,32.0,5.0,Nvidia,1024.0,147518.0
149,EXCaliberPC,17.0,i9,64.0,0.0,Nvidia,2048.0,360718.0
150,MSI,15.6,i7,8.0,4.3,Nvidia,1024.0,81999.18000000001
151,MSI,17.3,i9,32.0,0.0,Nvidia,1024.0,245918.0
152,MSI,15.6,i7,8.0,4.4,Nvidia,512.0,56578.36
153,MSI,17.3,i9,32.0,4.6,Nvidia,1024.0,409918.0
154,EXCaliberPC,16.0,i7,64.0,0.0,Nvidia,1024.0,190158.0
155,MSI,15.6,ryzen5,8.0,2.0,Other,256.0,57318.0
156,MSI,15.6,i7,8.0,5.0,Nvidia,512.0,72814.36
157,MSI,15.6,i7,64.0,4.2,Nvidia,1024.0,229518.0
158,EXCaliberPC,17.3,i9,32.0,5.0,Nvidia,2048.0,282818.0
159,MSI,14.0,i7,16.0,0.0,Intel,512.0,98318.0
160,MSI,15.6,i9,16.0,4.0,Intel,1024.0,138190.5
161,MSI,17.3,i7,16.0,4.0,Nvidia,512.0,139806.72
162,MSI,17.3,i9,64.0,5.0,Nvidia,1024.0,344641.08
163,MSI,15.6,i7,16.0,3.3,Nvidia,512.0,90199.18
164,EXCaliberPC,16.0,i7,32.0,0.0,Nvidia,1024.0,250018.0
165,MSI,15.6,i9,32.0,3.9,Nvidia,2048.0,298066.72000000003
166,MSI,17.3,i7,16.0,4.8,Nvidia,512.0,102499.18
167,MSI,13.4,i7,16.0,3.3,Intel,512.0,81997.54000000001
168,MSI,14.0,i7,16.0,4.3,Intel,512.0,77899.18000000001
169,MSI,15.6,i7,8.0,4.5,Nvidia,512.0,68845.56
170,EXCaliberPC,15.6,i9,32.0,5.0,Nvidia,1024.0,213118.0
171,MSI,16.0,i7,32.0,0.0,Nvidia,1024.0,245918.0
172,MSI,17.3,i7,16.0,0.0,Nvidia,512.0,101922.72
173,MSI,15.6,i5,8.0,4.7,Intel,512.0,65717.26
174,Acer,15.6,i3,4.0,4.3,Intel,128.0,19598.0
175,MSI,15.6,i5,32.0,3.8,Nvidia,1024.0,114799.18
176,MSI,17.3,i7,16.0,5.0,Nvidia,512.0,118818.0
177,MSI,15.6,i7,16.0,0.0,Nvidia,1024.0,117770.86
178,MSI,15.6,i5,16.0,5.0,Nvidia,256.0,65518.0
179,MSI,15.6,i5,8.0,4.3,Nvidia,512.0,98318.0
180,MSI,15.6,i7,16.0,3.6,Intel,1024.0,204999.18
181,MSI,17.3,i9,16.0,5.0,Nvidia,1024.0,143499.18
182,MSI,15.6,i9,16.0,0.0,Intel,1024.0,159818.0
183,EXCaliberPC,17.3,i7,32.0,5.0,Nvidia,1024.0,213118.0
184,MSI,15.6,i7,8.0,4.8,Nvidia,512.0,91026.56
185,MSI,13.4,i7,16.0,4.0,Intel,1024.0,86919.18000000001
186,EXCaliberPC,16.0,i7,16.0,0.0,Intel,512.0,94218.0
187,EXCaliberPC,14.0,i7,16.0,0.0,Intel,512.0,106518.0
188,EXCaliberPC,15.6,i7,32.0,0.0,Nvidia,1024.0,172118.0
189,EXCaliberPC,14.0,i5,16.0,0.0,Intel,512.0,98318.0
190,EXCaliberPC,17.3,i7,16.0,0.0,Nvidia,512.0,106518.0
191,EXCaliberPC,15.6,ryzen9,16.0,3.4,Nvidia,1024.0,137678.0
192,MSI,15.6,i5,16.0,4.4,Intel,512.0,74038.62
193,MSI,17.3,i9,16.0,0.0,Nvidia,1024.0,136038.0
194,MSI,16.0,i9,32.0,4.0,Nvidia,2048.0,182274.52
195,MSI,13.4,i7,16.0,0.0,Intel,1024.0,89297.18000000001
196,EXCaliberPC,15.6,i9,32.0,5.0,Nvidia,1024.0,213118.0
197,MSI,17.3,i7,64.0,5.0,Nvidia,2048.0,176218.0
198,Acer,15.6,ryzen5,8.0,4.5,AMD,256.0,39688.0
199,MSI,15.6,i5,8.0,4.8,Nvidia,256.0,53298.36
200,other,12.3,celeron,8.0,4.2,Other,256.0,29519.18
201,other,14.0,celeron,12.0,3.7,Intel,256.0,28699.18
202,EXCaliberPC,14.0,i5,16.0,0.0,Intel,512.0,98318.0
203,EXCaliberPC,15.6,ryzen9,16.0,3.4,Nvidia,1024.0,137678.0
204,EXCaliberPC,15.6,i7,16.0,0.0,Nvidia,512.0,110618.0
205,EXCaliberPC,16.0,i7,32.0,5.0,Nvidia,1024.0,188518.0
206,EXCaliberPC,16.0,i9,64.0,0.0,Nvidia,4096.0,384990.0
207,EXCaliberPC,14.0,ryzen9,16.0,5.0,AMD,1024.0,135218.0
208,EXCaliberPC,16.0,i9,32.0,0.0,Nvidia,2048.0,221318.0
209,EXCaliberPC,15.6,i5,16.0,0.0,Nvidia,512.0,90118.0
210,EXCaliberPC,15.6,ryzen9,16.0,0.0,Nvidia,512.0,122999.18
211,EXCaliberPC,15.6,i7,32.0,2.5,Nvidia,1024.0,137678.0
212,EXCaliberPC,17.3,i7,16.0,0.0,Nvidia,512.0,94218.0
213,EXCaliberPC,15.6,i9,64.0,5.0,Nvidia,1024.0,280358.0
214,EXCaliberPC,15.6,i7,16.0,5.0,Nvidia,512.0,102418.0
215,MSI,17.3,i9,64.0,0.0,Nvidia,2048.0,360718.0
216,MSI,14.0,i3,8.0,0.0,Intel,128.0,35916.0
217,MSI,15.6,ryzen7,8.0,4.5,AMD,512.0,60351.18
218,MSI,15.6,i5,8.0,4.0,Intel,512.0,57175.32
219,MSI,15.6,i7,16.0,4.0,Nvidia,1024.0,176218.0
220,MSI,17.3,i5,8.0,4.6,Other,512.0,61418.0
221,MSI,17.3,i7,32.0,3.5,Nvidia,1024.0,250796.18
222,MSI,16.0,i5,16.0,5.0,Intel,512.0,102385.2
223,MSI,15.6,i7,16.0,3.9,Nvidia,1024.0,147518.0
224,MSI,15.6,i7,16.0,4.7,Nvidia,512.0,86165.59999999999
225,MSI,16.0,i7,16.0,5.0,Nvidia,1024.0,128346.4
226,MSI,15.6,i5,16.0,4.3,Nvidia,512.0,53218.0
227,EXCaliberPC,17.3,i7,16.0,0.0,Nvidia,1024.0,163918.0
228,EXCaliberPC,15.6,i7,16.0,0.0,Nvidia,1024.0,143418.0
229,EXCaliberPC,15.6,i9,64.0,5.0,Nvidia,4096.0,405490.0
230,EXCaliberPC,15.6,i7,16.0,0.0,Nvidia,1024.0,163918.0
231,EXCaliberPC,16.0,ryzen9,32.0,0.0,Nvidia,1024.0,286918.0
232,EXCaliberPC,17.3,i7,32.0,5.0,Nvidia,1024.0,147518.0
233,EXCaliberPC,17.3,i7,16.0,4.1,Nvidia,512.0,139318.0
234,HP,11.6,i3,4.0,4.5,AMD,32.0,14678.0
235,HP,14.0,celeron,4.0,4.2,Intel,64.0,24518.0
236,HP,14.0,celeron,4.0,4.2,Intel,64.0,22058.0
237,HP,14.0,celeron,4.0,4.5,Intel,64.0,26239.18
238,Acer,15.6,i3,4.0,4.3,Intel,128.0,26157.18
239,other,13.0,i7,16.0,4.2,Other,256.0,116148.9
240,HP,14.0,celeron,4.0,4.3,Intel,64.0,23698.0
241,Acer,15.6,celeron,4.0,4.6,Intel,32.0,18778.0
242,Acer,17.3,i3,20.0,4.6,Intel,512.0,42558.0
243,Acer,11.6,i3,4.0,4.4,Other,32.0,14678.0
244,Acer,15.6,ryzen3,8.0,4.3,AMD,256.0,36899.18
245,Acer,15.6,celeron,4.0,4.3,Intel,32.0,18778.0
246,Acer,15.6,ryzen7,16.0,3.0,AMD,512.0,51578.0
247,Toughbook,14.0,i7,16.0,2.1,Other,512.0,295118.0
248,Acer,17.3,i5,8.0,4.3,Intel,512.0,49938.0
249,Acer,15.6,ryzen3,8.0,4.5,Intel,512.0,49118.0
250,Acer,15.6,i7,32.0,5.0,Intel,1024.0,90199.18
251,Acer,15.6,i7,20.0,5.0,Intel,512.0,61418.0
252,Acer,11.6,i3,4.0,5.0,AMD,32.0,13858.0
253,Acer,13.5,i5,8.0,4.3,Other,256.0,81041.42
254,ASUS,15.6,i3,8.0,4.4,Intel,128.0,24599.18
255,Acer,17.3,i3,16.0,4.7,Intel,1024.0,49199.18
256,Panasonic,14.0,i7,8.0,0.0,Intel,512.0,177179.03999999998
257,Toughbook,13.1,i5,4.0,0.0,Intel,512.0,245999.18
258,Toughbook,14.0,i5,16.0,0.0,Intel,512.0,212864.62
259,Toughbook,14.0,i7,8.0,5.0,Intel,512.0,247639.18
260,Acer,14.0,celeron,4.0,5.0,Intel,64.0,19188.0
261,Acer,15.6,i7,24.0,5.0,Intel,1024.0,57318.0
262,Acer,14.0,i3,4.0,4.4,Intel,128.0,24518.0
263,Acer,14.0,i7,16.0,4.3,Intel,512.0,62648.0
264,Acer,14.0,i5,8.0,4.4,Intel,256.0,27798.0
265,Acer,11.6,i3,32.0,4.5,Other,32.0,10659.18
266,Acer,17.3,i3,12.0,5.0,Intel,512.0,36899.18
267,Acer,15.6,i3,20.0,0.0,Intel,512.0,38458.0
268,Panasonic,13.1,i5,4.0,0.0,Intel,500.0,270599.18
269,Acer,15.6,i7,16.0,5.0,Intel,512.0,56374.18
270,Acer,12.0,celeron,4.0,4.2,Intel,32.0,10659.18
271,Acer,14.0,i5,8.0,5.0,Intel,256.0,42558.0
272,Acer,15.6,i7,32.0,4.4,Intel,1024.0,77818.0
273,other,14.0,celeron,12.0,4.3,Intel,256.0,26158.0
274,Acer,14.0,i7,16.0,4.0,Intel,1024.0,122999.18
275,ASUS,17.3,celeron,4.0,0.0,Intel,64.0,22959.18
276,Acer,14.0,i3,16.0,2.5,Intel,1024.0,49770.72
277,Acer,15.6,i3,24.0,4.1,AMD,1024.0,49199.18
278,Acer,17.3,celeron,4.0,4.0,Intel,64.0,16399.18
279,Acer,15.6,i7,16.0,5.0,Nvidia,512.0,79458.0
280,Acer,13.3,i5,8.0,0.0,Intel,512.0,32799.18
281,Acer,14.0,celeron,4.0,4.5,Intel,64.0,14755.9
282,Acer,15.6,ryzen3,8.0,3.9,AMD,128.0,40098.0
283,Acer,15.6,i3,20.0,3.9,Other,512.0,38458.0
284,Acer,14.0,celeron,4.0,4.4,Intel,32.0,9757.18
285,Acer,14.0,ryzen7,16.0,3.7,Nvidia,1024.0,73799.18000000001
286,Acer,17.3,celeron,4.0,4.5,Intel,64.0,26978.0
287,Acer,15.6,ryzen5,8.0,0.0,AMD,512.0,43137.740000000005
288,Acer,14.0,i3,8.0,4.2,Other,256.0,38950.0
289,Acer,14.0,i5,8.0,5.0,Intel,512.0,65338.42
290,Acer,15.6,i5,16.0,5.0,Nvidia,1024.0,74538.0
291,Acer,11.6,celeron,4.0,4.3,Intel,32.0,13858.0
292,Acer,14.0,i7,16.0,4.0,Nvidia,512.0,94217.18
293,Acer,15.6,ryzen3,12.0,4.1,AMD,512.0,40179.18
294,Acer,17.3,i5,20.0,4.3,Intel,512.0,54858.0
295,Acer,15.6,ryzen5,16.0,3.9,Nvidia,512.0,94218.0
296,Acer,15.6,celeron,2.0,4.3,Intel,16.0,14596.0
297,Acer,14.0,i5,8.0,4.4,Other,512.0,73718.0
298,Acer,15.6,i7,16.0,4.5,Nvidia,256.0,98399.18
299,Acer,16.0,i7,16.0,3.5,Nvidia,512.0,129794.52
300,Panasonic,14.0,i5,4.0,2.6,Intel,512.0,73799.18000000001
301,Toughbook,13.1,i7,4.0,0.0,Intel,500.0,311599.18
302,HP,14.0,i3,8.0,4.3,AMD,64.0,32799.18
303,Toughbook,10.1,i5,4.0,3.1,Intel,4.0,49199.18
304,Panasonic,14.0,i5,16.0,0.0,Intel,512.0,249116.0
305,CHUWI,14.1,celeron,8.0,3.9,Intel,256.0,19679.18
306,Acer,14.0,ryzen7,16.0,0.0,Nvidia,1024.0,77818.0
307,Acer,15.6,i5,8.0,4.4,Nvidia,256.0,61499.18
308,Acer,14.0,i5,16.0,4.6,Intel,1024.0,52314.36
309,Acer,14.0,i5,8.0,4.3,Intel,256.0,85311.16
310,Acer,11.6,i3,4.0,5.0,Intel,32.0,7457.900000000001
311,Acer,15.6,celeron,4.0,4.6,Intel,64.0,29519.18
312,HP,15.6,i5,8.0,4.4,Intel,256.0,36735.18
313,Acer,14.0,i5,8.0,0.0,Intel,512.0,76259.18000000001
314,Acer,14.0,i7,8.0,3.8,Intel,256.0,111020.62
315,Acer,15.6,ryzen7,16.0,5.0,AMD,1024.0,56579.18
316,Acer,15.6,celeron,4.0,4.5,Intel,64.0,28618.0
317,Acer,15.6,i5,8.0,4.2,Intel,512.0,61499.18
318,Acer,11.6,i3,4.0,3.6,Other,32.0,19598.0
319,Acer,11.6,i3,4.0,4.3,Other,32.0,12628.0
320,HP,15.6,celeron,16.0,4.4,Intel,1024.0,39278.0
321,Acer,11.6,i3,4.0,0.0,AMD,64.0,12751.0
322,Acer,15.6,i5,16.0,4.1,Nvidia,512.0,110861.54
323,Acer,17.3,i7,16.0,4.5,Nvidia,512.0,188518.0
324,Acer,15.6,i7,16.0,4.0,Nvidia,512.0,84459.18000000001
325,Acer,13.3,i5,8.0,3.7,Intel,512.0,49938.0
326,Acer,15.6,celeron,4.0,4.3,Intel,16.0,12126.16
327,Acer,11.6,celeron,4.0,3.9,Intel,16.0,6559.179999999999
328,Acer,11.6,celeron,4.0,4.5,Intel,32.0,11534.12
329,Acer,14.0,i7,16.0,5.0,Intel,1024.0,89704.72
330,Acer,14.0,i5,8.0,4.0,Intel,256.0,45441.94
331,Acer,15.6,i5,32.0,3.2,Nvidia,1024.0,81918.0
332,Acer,15.6,i3,4.0,4.5,Other,128.0,25830.0
333,Acer,15.6,i7,16.0,4.6,Nvidia,512.0,100031.8
334,Acer,15.6,i7,8.0,5.0,Nvidia,256.0,57318.0
335,Acer,17.3,i5,8.0,4.7,Nvidia,256.0,58219.18
336,Acer,15.6,i7,32.0,0.0,Nvidia,2048.0,159899.18
337,Acer,15.6,i7,32.0,0.0,Intel,1024.0,93398.0
338,Acer,15.6,ryzen3,8.0,4.4,AMD,256.0,40918.0
339,Acer,14.0,i7,16.0,0.0,Intel,1024.0,98399.18
340,Acer,14.0,i5,16.0,0.0,Intel,512.0,76259.18000000001
341,Acer,14.0,celeron,4.0,4.2,Intel,16.0,13525.9
342,Acer,11.6,i3,4.0,4.2,Intel,32.0,10659.18
343,Acer,15.6,i5,8.0,4.5,Other,256.0,51496.0
344,Acer,11.6,celeron,8.0,2.6,Intel,64.0,39359.18
345,Acer,11.6,celeron,4.0,5.0,Other,512.0,7216.0
346,Acer,11.6,celeron,4.0,4.2,Other,32.0,11398.0
347,Acer,15.6,i7,64.0,5.0,Nvidia,2048.0,172938.0
348,Acer,14.0,celeron,4.0,4.3,Intel,32.0,20490.16
349,Acer,14.0,i5,8.0,4.8,Intel,512.0,114799.18
350,Acer,15.6,i7,8.0,3.8,Intel,1024.0,49117.18
351,Acer,11.6,i3,4.0,4.1,Other,32.0,13118.36
352,Acer,15.6,i3,8.0,4.6,Intel,500.0,40918.0
353,Acer,16.0,i7,16.0,5.0,Nvidia,1024.0,163999.18
354,HP,17.3,i3,4.0,4.5,Intel,256.0,35505.18
355,Acer,14.0,i7,8.0,4.6,Intel,1024.0,65518.0
356,Acer,15.6,i7,16.0,4.4,Nvidia,1024.0,94299.18
357,Acer,17.3,i5,24.0,0.0,Nvidia,1024.0,76259.18000000001
358,Acer,11.6,i3,4.0,5.0,AMD,160.0,16318.0
359,Acer,14.0,celeron,4.0,4.3,Intel,32.0,17449.600000000002
360,Acer,15.6,i3,8.0,4.0,Intel,64.0,35492.88
361,Acer,11.6,celeron,4.0,4.0,Intel,16.0,6559.179999999999
362,Acer,14.0,celeron,4.0,4.3,Intel,64.0,10082.72
363,Acer,14.0,i5,8.0,4.4,Intel,256.0,68315.02
364,Acer,15.6,i3,8.0,4.8,Intel,128.0,62237.18
365,Acer,11.6,celeron,4.0,5.0,Intel,32.0,14678.0
366,Acer,14.0,i3,8.0,0.0,Other,512.0,35259.18
367,Acer,13.5,i3,8.0,5.0,Intel,256.0,32636.0
368,Acer,14.0,celeron,4.0,4.2,Intel,32.0,14349.18
369,Acer,15.6,i7,32.0,5.0,Nvidia,1024.0,135218.0
370,Acer,14.0,i7,8.0,3.3,Intel,512.0,50223.36
371,Acer,15.6,i9,32.0,4.2,Nvidia,1024.0,98399.18
372,Acer,15.6,ryzen3,8.0,4.7,AMD,128.0,30258.0
373,Acer,17.3,i3,8.0,5.0,Other,256.0,32636.0
374,Acer,15.6,i7,32.0,0.0,Nvidia,2048.0,164738.0
375,Acer,14.0,i5,8.0,4.0,Intel,256.0,45441.94
376,Acer,14.0,i5,8.0,0.0,Intel,512.0,58219.18
377,Acer,14.0,i5,8.0,2.4,Intel,512.0,65420.42
378,Acer,14.0,ryzen7,16.0,3.9,Nvidia,1024.0,77079.18000000001
379,Acer,14.0,i5,16.0,0.0,Intel,512.0,45838.0
380,Acer,14.0,ryzen5,16.0,0.0,AMD,512.0,69699.18000000001
381,Acer,15.6,i5,32.0,5.0,Nvidia,2048.0,110618.0
382,Acer,15.6,i7,16.0,3.3,AMD,1024.0,65518.0
383,other,15.6,celeron,4.0,3.8,Intel,128.0,19679.18
384,HP,14.0,ryzen5,8.0,4.5,AMD,256.0,33210.0
385,other,15.6,celeron,6.0,3.5,Other,128.0,14759.18
386,Acer,15.6,celeron,4.0,3.8,Intel,32.0,16318.0
387,Acer,13.5,i5,8.0,4.3,Intel,128.0,58958.0
388,Acer,15.6,i3,8.0,4.5,AMD,256.0,40999.18
389,Acer,15.6,ryzen7,16.0,0.0,AMD,1024.0,59778.0
390,other,15.6,ryzen7,8.0,4.3,AMD,256.0,30176.0
391,Acer,14.0,i5,16.0,4.6,Intel,1024.0,52314.36
392,Acer,15.6,i5,8.0,4.4,Nvidia,256.0,61499.18
393,Panasonic,13.1,i5,2.0,0.0,Intel,160.0,65599.18000000001
394,other,14.1,celeron,4.0,4.0,Intel,64.0,22545.9
395,other,15.6,celeron,6.0,4.0,Intel,128.0,18531.18
396,Acer,15.6,celeron,4.0,4.5,Intel,32.0,17630.0
397,Lenovo,14.0,celeron,4.0,4.2,Intel,64.0,14919.9
398,Acer,14.0,i3,8.0,4.0,Other,64.0,29519.18
399,Acer,15.6,i5,8.0,4.2,Intel,256.0,46739.18
400,Acer,15.6,celeron,4.0,4.4,Intel,64.0,24436.0
401,Acer,14.0,i7,16.0,3.9,Intel,512.0,77899.18000000001
402,Acer,17.3,i7,32.0,4.0,Nvidia,1024.0,127018.0
403,Acer,11.6,i3,4.0,4.4,Other,32.0,16400.0
404,other,13.3,celeron,8.0,3.8,Intel,256.0,32799.18
405,Panasonic,13.3,i3,4.0,4.2,Intel,160.0,39359.18
406,Panasonic,10.1,i7,8.0,0.0,Intel,256.0,204999.18
407,Acer,11.6,celeron,4.0,4.2,Other,32.0,12218.0
408,Acer,14.0,ryzen7,16.0,3.5,AMD,512.0,65599.18000000001
409,Acer,15.6,i5,8.0,0.0,Nvidia,512.0,72159.18000000001
410,Acer,11.6,celeron,4.0,4.5,Intel,32.0,8199.18
411,Acer,15.6,i3,4.0,0.0,Intel,128.0,31323.18
412,Acer,15.6,ryzen5,8.0,4.2,Nvidia,512.0,57564.0
413,Acer,17.3,i3,16.0,5.0,Intel,1024.0,49118.0
414,ASUS,15.6,celeron,4.0,4.2,Intel,256.0,24599.18
415,Acer,17.3,i5,8.0,4.6,Nvidia,512.0,94218.0
416,Acer,15.6,i5,8.0,4.6,Nvidia,256.0,51458.28
417,Acer,15.6,i5,8.0,4.3,Intel,256.0,27806.2
418,Acer,15.6,i5,32.0,4.3,Nvidia,2048.0,79458.0
419,Acer,15.6,ryzen7,16.0,4.2,AMD,1024.0,57399.18
420,Acer,14.0,celeron,4.0,4.4,Intel,64.0,15334.0
421,Acer,17.3,ryzen7,16.0,4.4,Nvidia,1024.0,78638.0
422,Acer,14.0,celeron,4.0,4.4,Intel,32.0,9757.18
423,Toughbook,14.0,i5,4.0,0.0,Intel,500.0,196799.18
424,Panasonic,10.4,i5,2.0,0.0,Other,80.0,73800.0
425,Panasonic,10.1,i9,8.0,2.0,Intel,128.0,278799.18
426,Panasonic,13.0,i7,4.0,0.0,Other,512.0,229600.0
427,Toughbook,10.1,i5,4.0,0.0,Intel,500.0,241900.0
428,Panasonic,13.1,i5,4.0,0.0,Intel,512.0,286999.18
429,Panasonic,13.0,i5,4.0,0.0,Intel,512.0,114799.18
430,Panasonic,13.1,i5,4.0,0.0,Intel,500.0,221399.18
431,Panasonic,14.0,i5,4.0,0.0,Intel,500.0,163999.18
432,Panasonic,14.0,i5,4.0,4.5,Intel,320.0,163999.18
433,Acer,15.6,ryzen5,8.0,4.3,AMD,512.0,44522.72
434,Acer,14.0,i7,8.0,3.5,Intel,256.0,51659.18
435,Acer,15.6,ryzen5,8.0,4.4,AMD,512.0,47559.18
436,Acer,15.6,i5,32.0,4.5,Nvidia,256.0,61491.8
437,Toughbook,10.1,i5,8.0,0.0,Intel,256.0,283309.18
438,Toughbook,14.0,i5,8.0,0.0,Intel,500.0,245999.18
439,Toughbook,14.0,i5,8.0,0.0,Intel,512.0,245999.18
440,Panasonic,15.4,i5,4.0,3.0,AMD,512.0,250099.18
441,Toughbook,10.1,i5,8.0,0.0,Intel,256.0,307909.18
442,Toughbook,10.1,i5,8.0,0.0,Intel,256.0,299709.18
443,Panasonic,14.0,i7,4.0,0.0,Other,500.0,200572.0
444,Panasonic,13.0,i5,4.0,0.0,Intel,500.0,270600.0
445,Acer,15.6,i7,16.0,4.0,Nvidia,512.0,98318.0
446,Acer,15.6,i3,8.0,3.7,Other,512.0,30749.18
447,Acer,14.0,i5,8.0,4.4,Intel,256.0,27798.0
448,Acer,14.0,ryzen7,8.0,4.4,AMD,512.0,53710.0
449,Toughbook,13.1,i7,4.0,0.0,Intel,512.0,131199.18
450,Panasonic,13.1,i7,8.0,3.0,Other,500.0,245999.18
451,Panasonic,13.1,i3,2.0,4.5,Intel,320.0,237799.18
452,Panasonic,14.0,i5,4.0,0.0,Intel,128.0,229599.18
453,Toughbook,14.0,i5,8.0,5.0,Other,500.0,106599.18
454,Acer,16.0,i7,16.0,5.0,Intel,512.0,102418.0
455,Acer,17.3,i7,8.0,4.6,Intel,512.0,53299.18
456,Acer,15.6,i5,16.0,3.0,Nvidia,1024.0,69699.18000000001
457,Acer,15.6,i3,8.0,4.3,Other,512.0,36899.18
458,Panasonic,14.0,i5,4.0,2.7,Intel,500.0,303399.18
459,Panasonic,10.1,i5,8.0,5.0,Intel,256.0,65599.18000000001
460,HP,15.6,i3,16.0,4.6,Intel,1024.0,46658.0
461,Panasonic,12.0,i7,16.0,0.0,Intel,1024.0,360799.18
462,Acer,15.6,i3,20.0,3.9,Intel,1024.0,36899.18
463,Acer,11.6,i3,4.0,3.9,Other,32.0,15498.0
464,Acer,12.0,celeron,4.0,0.0,Intel,32.0,13858.0
465,Acer,17.3,ryzen5,8.0,4.2,Nvidia,512.0,65618.86
466,Acer,15.6,i5,8.0,4.2,Intel,512.0,49200.0
467,Acer,15.6,ryzen3,4.0,4.5,AMD,128.0,31652.0
468,Acer,14.0,ryzen7,16.0,4.6,Nvidia,512.0,65599.18000000001
469,Acer,15.6,ryzen3,8.0,0.0,AMD,128.0,31159.18
470,Panasonic,13.1,i7,8.0,0.0,Intel,256.0,409999.18
471,Panasonic,14.0,i7,8.0,3.3,Intel,512.0,151700.0
472,Acer,14.0,ryzen7,8.0,4.5,AMD,64.0,35833.18
473,Acer,15.6,i7,16.0,4.6,Nvidia,512.0,125049.18
474,Acer,15.6,ryzen7,8.0,4.3,AMD,512.0,48379.18
475,Panasonic,13.1,i7,8.0,2.0,Other,500.0,188599.18
476,Toughbook,14.0,i5,8.0,4.2,Intel,512.0,220579.18
477,Toughbook,14.0,i7,16.0,0.0,Intel,512.0,245999.18
478,Toughbook,13.1,i5,4.0,3.0,Intel,320.0,200899.18
479,Acer,17.3,i5,32.0,4.7,Nvidia,1024.0,86018.0
480,Acer,15.6,ryzen3,12.0,4.5,AMD,512.0,39278.0
481,Acer,15.6,i7,16.0,5.0,Intel,512.0,53299.18
482,Acer,15.6,ryzen3,12.0,4.5,AMD,1024.0,40821.24
483,Acer,15.6,i7,8.0,4.2,Intel,512.0,71339.18000000001
484,Acer,15.6,i3,20.0,3.9,Intel,1024.0,35884.840000000004
485,Lenovo,15.6,ryzen5,8.0,4.4,Nvidia,256.0,53299.18
486,Acer,15.6,i3,8.0,3.8,Intel,128.0,31078.0
487,Acer,14.0,ryzen7,16.0,4.4,Nvidia,512.0,59778.0
488,Acer,13.5,i7,8.0,4.4,Intel,512.0,49036.0
489,Acer,12.0,celeron,4.0,4.3,Intel,32.0,10742.0
490,Acer,15.6,i3,12.0,4.4,Intel,512.0,36079.18
491,Acer,17.3,celeron,4.0,4.3,Intel,64.0,26978.0
492,Acer,15.6,i3,8.0,4.5,Intel,256.0,30831.18
493,Acer,14.0,i7,16.0,0.0,Intel,1024.0,53218.0
494,Acer,15.6,ryzen3,20.0,4.4,AMD,1024.0,49118.0
495,Acer,14.0,celeron,4.0,3.3,Intel,64.0,17958.0
496,Toughbook,12.0,i5,8.0,3.8,Other,256.0,303318.0
497,ASUS,14.0,ryzen7,8.0,4.3,Nvidia,512.0,72160.0
498,MSI,15.6,i7,16.0,4.4,Nvidia,512.0,106514.72
499,MSI,15.6,i7,16.0,4.3,Nvidia,512.0,90118.0
500,ASUS,15.6,i7,8.0,4.5,Nvidia,512.0,73061.18000000001
501,MSI,14.0,i5,16.0,4.5,Intel,512.0,61499.18
502,ASUS,15.6,i5,8.0,4.6,Intel,512.0,50429.18
503,GIGABYTE,17.3,i9,16.0,0.0,Nvidia,32.0,309534.42
504,GIGABYTE,16.0,i7,8.0,3.0,Nvidia,2048.0,148978.41999999998
505,GIGABYTE,15.6,i7,16.0,4.1,Nvidia,512.0,99609.5
506,GIGABYTE,15.0,i7,32.0,4.3,Nvidia,512.0,108209.66
507,Acer,15.6,i7,16.0,4.6,Nvidia,512.0,98622.22
508,GIGABYTE,15.6,i7,16.0,3.0,Nvidia,1024.0,213118.0
509,ASUS,15.6,i7,8.0,3.5,Nvidia,512.0,109879.18
510,HP,15.6,ryzen7,32.0,4.8,AMD,1024.0,69618.0
511,MSI,15.6,i7,16.0,4.5,Nvidia,512.0,73718.0
512,Lenovo,15.6,ryzen5,8.0,4.4,Nvidia,256.0,53218.0
513,Acer,15.6,i5,8.0,4.5,Nvidia,256.0,61090.0
514,MSI,15.6,i7,16.0,4.6,Nvidia,512.0,98318.0
515,LG,17.0,i7,16.0,4.2,Intel,1024.0,113159.18
516,HP,11.6,i3,4.0,4.4,Other,32.0,13119.18
517,GIGABYTE,17.0,i7,16.0,3.8,Nvidia,16.0,159845.06
518,Acer,14.0,i7,8.0,4.4,Intel,256.0,35998.0
519,HP,15.6,ryzen7,16.0,0.0,Nvidia,1024.0,87658.0
520,MSI,16.0,i7,32.0,4.2,Nvidia,1024.0,71340.0
521,GIGABYTE,15.6,i7,32.0,3.5,Nvidia,1024.0,204918.0
522,Acer,14.0,ryzen7,16.0,4.4,Nvidia,512.0,59778.0
523,HP,15.0,ryzen7,8.0,4.5,AMD,512.0,62156.0
524,HP,15.6,i3,8.0,4.2,AMD,512.0,32718.0
525,HP,15.6,ryzen7,16.0,4.5,Nvidia,512.0,73718.0
526,ASUS,14.0,i3,8.0,4.0,Intel,128.0,53299.18
527,Acer,15.6,ryzen3,4.0,4.5,AMD,128.0,24518.0
528,Alienware,17.3,i7,16.0,4.5,Nvidia,1024.0,278718.0
529,ASUS,17.3,i5,8.0,4.4,Nvidia,512.0,71258.0
530,Lenovo,13.3,i5,8.0,4.3,Intel,64.0,26650.0
531,SAMSUNG,13.3,i5,8.0,4.5,Intel,256.0,60598.0
532,other,10.1,i3,4.0,4.2,Other,64.0,7379.179999999999
533,Lenovo,15.6,ryzen5,8.0,5.0,Nvidia,512.0,68470.0
534,CHUWI,13.0,celeron,8.0,4.1,Intel,256.0,22058.0
535,Dell,15.6,i7,16.0,4.3,Nvidia,512.0,119637.18
536,SAMSUNG,15.6,i5,8.0,4.4,Intel,512.0,53272.12
537,Acer,11.6,i3,4.0,0.0,Intel,128.0,30735.24
538,HP,14.0,i5,8.0,4.5,Intel,256.0,47882.26
539,Acer,14.0,ryzen7,8.0,4.5,AMD,64.0,35833.18
540,Lenovo,15.6,ryzen5,8.0,4.6,AMD,512.0,46080.72
541,HP,14.0,ryzen5,8.0,4.5,AMD,256.0,29447.84
542,MSI,17.3,i7,32.0,4.5,Nvidia,2048.0,145959.18
543,SAMSUNG,13.3,i5,8.0,4.5,Intel,256.0,51659.18
544,SAMSUNG,15.6,i7,16.0,4.4,Intel,512.0,55678.0
545,HP,15.6,ryzen7,16.0,4.1,AMD,512.0,54611.18
546,MSI,16.0,i7,32.0,4.0,Nvidia,1024.0,186550.0
547,Lenovo,11.6,i3,4.0,4.5,Other,64.0,12218.0
548,GIGABYTE,17.0,i7,6.0,4.0,Nvidia,256.0,163918.0
549,HP,15.6,i5,8.0,4.4,Nvidia,512.0,58958.0
550,Acer,15.6,i7,16.0,4.5,Intel,512.0,48298.0
551,Lenovo,15.6,i5,8.0,4.5,Intel,512.0,43459.18
552,ASUS,11.6,celeron,4.0,4.3,Intel,64.0,11480.0
553,MSI,14.0,i5,8.0,5.0,Intel,512.0,48607.14
554,GIGABYTE,15.6,i7,16.0,4.1,Nvidia,512.0,122918.0
555,MSI,17.3,i9,32.0,0.0,Nvidia,1024.0,229518.0
556,GIGABYTE,15.6,i7,16.0,4.1,Nvidia,16.0,141622.19999999998
557,MSI,15.6,i5,8.0,4.6,Nvidia,256.0,48132.36
558,MSI,15.6,i5,16.0,4.7,Other,1024.0,88559.18000000001
559,MSI,17.3,i7,16.0,4.5,Nvidia,1024.0,110699.18
560,MSI,15.6,i5,8.0,4.5,Nvidia,256.0,53054.0
561,EXCaliberPC,17.3,i9,64.0,0.0,Nvidia,2048.0,221318.0
562,MSI,15.6,i7,16.0,4.3,Intel,512.0,62976.0
563,MSI,15.6,i3,8.0,4.6,Nvidia,256.0,49118.0
564,MSI,15.6,i9,32.0,4.1,Nvidia,1024.0,201882.36
565,MSI,17.3,i9,64.0,4.5,Intel,1024.0,319718.0
566,EXCaliberPC,15.6,i7,32.0,5.0,Nvidia,1024.0,155718.0
567,MSI,15.6,i7,16.0,5.0,Intel,1024.0,67978.0
568,EXCaliberPC,17.3,i9,64.0,0.0,Nvidia,2048.0,221318.0
569,EXCaliberPC,15.6,i7,16.0,5.0,Nvidia,512.0,102418.0
570,EXCaliberPC,17.3,i7,32.0,0.0,Nvidia,1024.0,258218.0
571,EXCaliberPC,17.3,i9,64.0,0.0,Nvidia,1024.0,344318.0
572,EXCaliberPC,17.3,i7,16.0,5.0,Nvidia,1024.0,192618.0
573,EXCaliberPC,17.3,i9,32.0,0.0,Nvidia,1024.0,245918.0
574,Panasonic,14.0,i7,32.0,4.4,Other,2048.0,116850.0
575,Toughbook,10.1,i5,8.0,0.0,Intel,256.0,254118.0
576,Toughbook,14.0,i5,8.0,4.2,Intel,512.0,220579.18
577,Panasonic,14.0,i7,8.0,3.3,Intel,512.0,151700.0
578,LG,16.0,i7,16.0,0.0,Intel,512.0,98235.18
579,HP,17.3,i7,32.0,4.4,Intel,1024.0,92250.0
580,LG,16.0,i7,16.0,4.6,Intel,1024.0,108977.18
581,LG,17.0,i7,16.0,4.3,Intel,1024.0,115619.18
582,LG,15.6,i5,8.0,4.0,Intel,256.0,81999.18000000001
583,LG,17.0,i7,32.0,4.1,Intel,2048.0,110699.18
584,Lenovo,14.0,ryzen5,16.0,4.5,AMD,256.0,57308.16
585,HP,14.0,celeron,4.0,4.5,Intel,64.0,26239.18
586,LG,16.0,i7,16.0,0.0,Intel,512.0,98399.18
587,LG,14.0,i7,16.0,4.2,Intel,1024.0,81999.18000000001
588,LG,14.0,i7,16.0,4.9,Intel,512.0,114799.18
589,LG,13.3,ryzen7,16.0,3.9,AMD,256.0,76178.0
590,LG,16.0,i7,16.0,3.9,Intel,2048.0,163999.18
591,LG,14.0,i7,16.0,5.0,Intel,512.0,109798.0
592,LG,15.6,i5,16.0,4.4,Intel,512.0,75439.18000000001
593,Dell,13.4,i7,16.0,4.4,Intel,512.0,111438.0
594,SAMSUNG,15.6,i7,16.0,4.3,Intel,512.0,91353.74
595,LG,16.0,i7,16.0,0.0,Intel,2048.0,139318.0
596,HP,17.3,i7,32.0,4.6,Intel,1024.0,106518.0
597,LG,17.0,i7,16.0,4.9,Intel,512.0,73799.18000000001
598,LG,15.6,i7,16.0,5.0,Intel,2048.0,99219.18
599,LG,16.0,i7,16.0,4.7,Intel,1024.0,109879.18
600,LG,13.3,ryzen5,8.0,4.3,AMD,256.0,35583.9
601,LG,17.0,i7,16.0,4.7,Intel,1024.0,145878.0
602,CHUWI,13.0,celeron,8.0,4.1,Intel,256.0,22058.0
603,LG,16.0,i7,16.0,0.0,Intel,2048.0,147518.0
604,LG,16.0,i7,16.0,0.0,Intel,2048.0,151618.0
605,LG,16.0,i7,16.0,3.0,Intel,512.0,111519.18
606,HP,14.0,celeron,4.0,4.5,Intel,64.0,26239.18
607,LG,16.0,i7,16.0,5.0,Intel,2048.0,151618.0
608,LG,14.0,i7,8.0,0.0,Intel,512.0,78678.18000000001
609,LG,16.0,i7,16.0,3.9,Intel,1024.0,106599.18
610,LG,16.0,i7,16.0,3.5,Intel,2048.0,109879.18
611,other,15.6,celeron,4.0,3.8,Intel,128.0,19679.18
612,ASUS,14.0,i3,4.0,4.1,Intel,128.0,17375.8
613,ASUS,15.6,i3,12.0,4.4,Intel,512.0,36899.18
614,HP,14.0,i3,4.0,4.5,Intel,64.0,13939.18
615,LG,15.6,i5,16.0,4.1,Intel,1024.0,77818.0
616,HP,17.3,i5,8.0,4.5,Intel,512.0,49118.0
617,HP,17.3,i5,32.0,4.5,Intel,2048.0,69618.0
618,Lenovo,17.3,ryzen5,8.0,4.5,AMD,512.0,40999.18
619,Lenovo,14.0,i3,4.0,4.3,Other,64.0,11070.0
620,HP,17.3,i5,8.0,4.5,Intel,512.0,49118.0
621,HP,17.3,i5,32.0,4.5,Intel,2048.0,69618.0
622,Lenovo,14.0,i3,4.0,4.3,Other,64.0,11070.0
623,LG,15.6,i5,16.0,4.1,Intel,1024.0,77818.0
624,Lenovo,17.3,ryzen5,8.0,4.5,AMD,512.0,40999.18
625,LG,15.0,i3,8.0,0.0,Other,512.0,120539.18
626,SAMSUNG,15.6,i5,8.0,4.2,Intel,512.0,65518.0
627,LG,15.6,i5,8.0,4.3,Intel,256.0,81672.0
628,Acer,14.0,i7,8.0,4.4,Intel,256.0,35998.0
629,ASUS,14.0,i3,4.0,4.1,Intel,128.0,17375.8
630,other,14.0,i3,4.0,4.4,Intel,64.0,20499.18
631,HP,14.0,i3,4.0,4.5,Intel,64.0,13939.18
632,other,15.6,celeron,4.0,3.8,Intel,128.0,19679.18
633,LG,16.0,i7,16.0,0.0,Intel,1024.0,169969.6
634,LG,17.0,i3,8.0,0.0,Other,512.0,136119.18
635,Acer,15.6,ryzen3,4.0,4.5,AMD,128.0,24518.0
636,Acer,15.6,i3,8.0,4.8,Intel,128.0,62237.18
637,LG,14.0,i7,16.0,0.0,Intel,512.0,173019.18
638,Acer,15.6,i3,4.0,4.3,Intel,128.0,19598.0
639,SAMSUNG,12.2,celeron,4.0,4.5,Intel,32.0,16372.12
640,ASUS,15.6,i3,12.0,4.2,Intel,128.0,53218.0
641,LG,14.0,i3,8.0,0.0,Other,256.0,109059.18
642,ASUS,15.6,i3,12.0,4.4,Intel,512.0,36899.18
643,LG,16.0,i7,16.0,0.0,Intel,512.0,108157.18
644,LG,17.0,i7,16.0,0.0,Nvidia,1024.0,155799.18
645,LG,15.6,i5,16.0,0.0,Intel,512.0,81918.0
646,LG,15.6,i5,8.0,4.3,Intel,256.0,81672.0
647,SAMSUNG,15.6,i5,8.0,4.2,Intel,512.0,65518.0
648,ASUS,14.0,i3,4.0,4.4,Intel,128.0,20336.0
649,ASUS,14.0,i3,4.0,4.4,Intel,128.0,20336.0
650,HP,15.6,i7,32.0,5.0,Intel,2048.0,113078.0
651,SAMSUNG,15.6,i7,32.0,4.3,Nvidia,1024.0,138953.1
652,LG,16.0,i7,16.0,3.3,Other,512.0,102499.18
653,other,14.1,celeron,4.0,4.3,Intel,128.0,12299.18
654,Lenovo,14.0,i3,4.0,3.7,AMD,64.0,16318.0
655,LG,14.0,i5,16.0,4.0,Intel,512.0,81343.18000000001
656,Acer,11.6,celeron,8.0,2.6,Intel,64.0,39359.18
657,Lenovo,13.3,i3,4.0,4.4,Intel,64.0,19679.18
658,ASUS,15.6,i3,8.0,4.4,Intel,128.0,24599.18
659,other,15.6,i3,4.0,0.0,Other,128.0,25419.18
660,Microsoft,13.5,i5,8.0,4.5,Intel,256.0,30340.0
661,ASUS,15.6,ryzen9,32.0,5.0,AMD,1024.0,119711.8
662,Acer,15.6,ryzen3,20.0,4.4,AMD,128.0,46739.18
663,other,11.6,i3,4.0,5.0,AMD,32.0,15416.0
664,other,15.6,celeron,6.0,0.0,Other,128.0,16236.0
665,Acer,11.6,i3,4.0,4.4,Other,32.0,14678.0
666,other,15.6,celeron,6.0,4.1,Intel,128.0,19598.0
667,CHUWI,14.1,celeron,8.0,3.9,Intel,256.0,19679.18
668,other,14.1,i3,4.0,4.0,Intel,128.0,22139.18
669,ASUS,14.0,i3,4.0,4.1,Intel,128.0,17375.8
670,other,14.1,celeron,4.0,4.0,Intel,64.0,22545.9
671,Lenovo,14.0,i3,4.0,4.3,Other,64.0,11070.0
672,SAMSUNG,11.6,celeron,4.0,4.4,Intel,64.0,13110.16
673,Dell,16.0,i7,16.0,4.2,AMD,512.0,90200.0
674,other,15.6,celeron,4.0,4.0,Intel,64.0,12218.0
675,other,14.0,i7,32.0,0.0,Intel,1024.0,72118.18000000001
676,other,15.0,ryzen5,8.0,0.0,AMD,256.0,40098.0
677,ASUS,15.6,ryzen3,16.0,4.3,AMD,256.0,29438.0
678,ASUS,14.0,i3,4.0,4.4,Intel,128.0,20336.0
679,other,15.0,i5,12.0,0.0,Intel,256.0,57070.36
680,LG,14.0,i7,16.0,4.4,Intel,1024.0,130311.12
681,LG,16.0,i7,16.0,4.8,Intel,512.0,75439.18000000001
682,LG,16.0,i7,16.0,4.2,Intel,256.0,100613.18
683,HP,14.0,i3,8.0,4.3,AMD,256.0,36079.18
684,ASUS,14.0,celeron,4.0,4.3,Intel,64.0,14266.36
685,HP,14.0,celeron,4.0,4.5,Intel,32.0,11398.0
686,ASUS,17.3,i5,20.0,4.2,Intel,512.0,41738.0
687,Acer,15.6,i3,4.0,4.3,Intel,128.0,19598.0
688,CHUWI,14.0,celeron,8.0,4.1,Other,256.0,24518.0
689,Acer,14.0,ryzen7,16.0,3.9,Nvidia,1024.0,77079.18000000001
690,ASUS,15.6,celeron,4.0,4.2,Intel,256.0,24599.18
691,ASUS,15.6,i3,8.0,4.5,Intel,128.0,27387.18
692,LG,17.0,i7,16.0,4.4,Intel,2048.0,125050.0
693,LG,15.6,i5,8.0,4.5,Intel,512.0,39666.68
694,LG,17.0,i5,16.0,0.0,Intel,512.0,116439.18
695,LG,17.0,i7,16.0,4.5,Intel,1024.0,116439.18
696,HP,15.6,celeron,8.0,4.4,Intel,256.0,14678.0
697,HP,11.6,i3,4.0,4.4,Other,32.0,13119.18
698,other,15.6,celeron,4.0,3.8,Intel,128.0,19679.18
699,ASUS,15.6,celeron,4.0,4.2,Intel,64.0,19598.0
700,Acer,15.6,ryzen3,4.0,4.5,AMD,128.0,24518.0
701,HP,14.0,i3,8.0,4.3,AMD,64.0,32718.0
702,ASUS,15.6,celeron,4.0,4.4,Intel,128.0,15989.18
703,Lenovo,14.0,celeron,4.0,3.9,Intel,64.0,16399.18
704,HP,17.3,i5,8.0,4.2,Intel,256.0,42312.0
705,ASUS,15.6,celeron,4.0,4.2,Intel,64.0,14759.18
706,Lenovo,14.0,ryzen5,16.0,4.2,AMD,512.0,51659.18
707,LG,16.0,i7,16.0,3.6,Intel,1024.0,131295.94
708,LG,17.0,i7,16.0,4.4,Intel,1024.0,81836.0
709,LG,16.0,i7,16.0,3.5,Intel,1024.0,102906.72
710,LG,16.0,i7,16.0,4.4,Intel,1024.0,110682.78
711,LG,16.0,i7,16.0,4.2,Intel,256.0,96350.0
712,LG,17.0,i7,32.0,3.8,Nvidia,2048.0,163753.18
713,LG,16.0,i7,16.0,4.3,Intel,1024.0,104139.18
714,Panasonic,14.0,i7,16.0,4.4,Intel,512.0,291919.18
715,LG,14.0,i5,8.0,4.2,Intel,256.0,65477.0
716,LG,16.0,i7,16.0,5.0,Nvidia,1024.0,124765.46
717,LG,17.0,i7,16.0,4.7,Intel,2048.0,152041.94
718,LG,17.0,i7,32.0,4.8,Intel,2048.0,147599.18
719,LG,17.0,i7,16.0,4.4,Intel,512.0,79130.0
720,LG,14.0,i7,16.0,3.5,Intel,512.0,89786.72
721,LG,15.6,i7,16.0,3.9,Intel,2048.0,147599.18
722,LG,17.0,i7,16.0,4.3,Intel,2048.0,122990.98
723,LG,15.6,i5,8.0,4.3,Intel,512.0,61418.0
724,LG,16.0,i5,16.0,4.6,Intel,512.0,110127.64
725,LG,15.6,i5,16.0,3.9,Intel,1024.0,72158.36
726,SAMSUNG,15.6,i5,8.0,4.6,Intel,512.0,80278.0
727,LG,15.0,i7,16.0,4.4,Intel,512.0,98399.18
728,SAMSUNG,13.3,i5,8.0,4.2,Intel,256.0,57318.0
729,SAMSUNG,15.6,i5,8.0,4.2,Intel,512.0,65518.0
730,LG,14.0,i7,16.0,4.3,Intel,1024.0,121360.0
731,SAMSUNG,15.6,i7,16.0,4.3,Intel,512.0,110618.0
732,LG,16.0,ryzen7,16.0,4.1,AMD,512.0,67295.76
733,LG,16.0,i7,16.0,4.4,Intel,256.0,94953.54
734,LG,17.0,i7,16.0,4.2,Intel,1024.0,113159.18
735,ASUS,11.6,celeron,4.0,4.3,Intel,64.0,11480.0
736,CHUWI,14.1,celeron,8.0,3.9,Intel,256.0,19679.18
737,CHUWI,13.0,celeron,8.0,4.1,Intel,256.0,22058.0
738,Acer,15.6,ryzen3,4.0,4.5,AMD,128.0,24518.0
739,HP,17.3,i5,8.0,4.5,Intel,512.0,49118.0
740,Dell,14.0,ryzen7,8.0,4.3,AMD,512.0,52681.72
741,Microsoft,13.5,i5,8.0,4.1,Intel,256.0,78965.18000000001
742,Acer,15.6,i7,16.0,4.5,Intel,512.0,48298.0
743,ASUS,11.6,celeron,4.0,4.2,Intel,32.0,8527.18
744,other,15.0,i3,6.0,4.6,Intel,512.0,17056.0
745,Lenovo,15.6,ryzen5,8.0,4.4,Nvidia,256.0,53299.18
746,HP,15.6,i3,8.0,4.2,AMD,512.0,32718.0
747,ASUS,15.6,ryzen9,64.0,4.2,AMD,1024.0,129551.8
748,GIGABYTE,16.0,i7,32.0,3.5,Nvidia,32.0,127018.0
749,GIGABYTE,15.6,i5,16.0,4.2,Nvidia,512.0,84307.48000000001
750,GIGABYTE,14.0,i5,16.0,3.4,Intel,512.0,72094.40000000001
751,GIGABYTE,15.6,i7,16.0,3.9,Nvidia,1024.0,200448.18
752,GIGABYTE,17.3,i9,32.0,3.6,Nvidia,32.0,204918.0
753,GIGABYTE,15.6,i7,16.0,2.6,Nvidia,512.0,164118.08000000002
754,GIGABYTE,16.0,i9,64.0,1.0,Nvidia,64.0,237718.0
755,GIGABYTE,16.0,i9,32.0,3.0,Nvidia,32.0,229599.18
756,GIGABYTE,15.6,i7,16.0,0.0,Nvidia,512.0,131956.86000000002
757,GIGABYTE,15.6,i7,16.0,3.7,Nvidia,512.0,163918.0
758,GIGABYTE,17.3,i7,32.0,0.0,Nvidia,32.0,186872.26
759,GIGABYTE,17.3,i7,16.0,2.5,Nvidia,16.0,190318.72
760,GIGABYTE,17.3,i7,32.0,0.0,Nvidia,32.0,188863.22
761,GIGABYTE,17.3,i7,32.0,0.0,Nvidia,32.0,186872.26
762,GIGABYTE,17.3,i7,32.0,0.0,Nvidia,32.0,188863.22
763,GIGABYTE,15.0,i7,16.0,4.0,Nvidia,1024.0,126522.72
764,Acer,14.0,i7,8.0,4.4,Intel,256.0,35998.0
765,HP,14.0,celeron,4.0,4.3,Intel,64.0,23698.0
766,Acer,11.6,i3,4.0,4.3,Other,64.0,10660.0
767,other,14.2,i7,16.0,4.8,Other,1024.0,151535.18
768,other,16.2,i7,32.0,4.7,Other,1024.0,216407.84
769,Acer,15.6,i7,16.0,4.6,Nvidia,512.0,98622.22
770,Acer,17.3,celeron,4.0,4.2,Intel,64.0,18778.0
771,Acer,15.6,i3,8.0,4.3,Intel,128.0,28864.0
772,Acer,17.3,i3,8.0,0.0,Intel,256.0,32799.18
773,Acer,15.6,ryzen3,12.0,4.4,AMD,128.0,40999.18
774,Acer,14.0,i7,8.0,4.4,Intel,256.0,35998.0
775,Acer,15.6,i3,4.0,4.5,Intel,128.0,25994.0
776,Acer,17.3,i7,16.0,4.5,Intel,512.0,55760.0
777,Acer,15.6,i3,20.0,4.4,Intel,512.0,35916.0
778,Acer,15.6,i7,16.0,4.5,Intel,512.0,48298.0
779,Acer,15.6,i7,32.0,5.0,Intel,1024.0,90199.18
780,Acer,15.6,i3,8.0,4.6,Intel,128.0,32718.0
781,Acer,15.6,i7,8.0,4.5,Nvidia,512.0,66338.0
782,Acer,11.6,i3,4.0,4.3,Other,64.0,10660.0
783,Acer,15.6,i3,20.0,3.9,Intel,1024.0,35884.840000000004
784,Acer,15.6,ryzen3,8.0,4.5,AMD,128.0,31615.1
785,Acer,17.3,i7,16.0,4.5,Nvidia,1024.0,106599.18
786,Acer,14.0,celeron,4.0,3.3,Intel,64.0,17958.0
787,Acer,15.6,i3,20.0,4.4,Intel,512.0,32554.0
788,Acer,15.6,i3,8.0,4.3,Intel,128.0,28864.0
789,Acer,15.6,i3,4.0,4.3,Intel,128.0,26157.18
790,ASUS,15.6,i7,40.0,5.0,Intel,1024.0,127099.18
791,MSI,16.0,i9,32.0,4.0,Nvidia,2048.0,182274.52
792,Acer,15.6,i5,8.0,4.5,Nvidia,256.0,61090.0
793,ASUS,15.6,i7,16.0,4.5,Nvidia,512.0,105698.0
794,MSI,15.6,i7,16.0,4.3,Nvidia,512.0,90118.0
795,MSI,15.6,i7,16.0,4.4,Nvidia,512.0,106514.72
796,Alienware,15.6,i7,16.0,3.9,Nvidia,1024.0,204918.0
797,Acer,15.6,i7,16.0,4.6,Nvidia,512.0,98622.22
798,Dell,18.4,i7,8.0,4.4,Intel,1024.0,163984.41999999998
799,Dell,15.6,i7,16.0,4.8,Nvidia,1024.0,139318.0
800,other,14.0,ryzen9,16.0,4.5,Nvidia,1024.0,196799.18
801,other,14.0,celeron,12.0,4.3,Intel,256.0,26158.0
802,other,15.6,i9,32.0,4.2,Nvidia,1024.0,307417.18
803,Alienware,15.6,i7,16.0,3.5,Nvidia,1024.0,114784.42
804,Alienware,17.3,i7,16.0,3.5,Nvidia,1024.0,163995.9
805,ASUS,15.6,i9,32.0,4.5,Nvidia,1024.0,262481.18
806,MSI,15.6,i7,16.0,4.5,Nvidia,512.0,73718.0
807,Alienware,15.6,i7,16.0,4.1,Nvidia,1024.0,147595.9
808,Alienware,17.3,i9,16.0,4.5,Nvidia,256.0,327918.0
809,Dell,15.6,i7,16.0,4.3,Nvidia,512.0,106599.18
810,Alienware,15.6,i7,16.0,4.4,Nvidia,512.0,127095.9
811,Lenovo,15.6,ryzen5,8.0,4.4,Nvidia,256.0,53218.0
812,Alienware,15.6,i5,8.0,4.1,Nvidia,1024.0,63878.0
813,Alienware,17.3,i9,32.0,4.2,Nvidia,32.0,393584.42
814,Alienware,17.3,i9,32.0,3.4,Nvidia,1024.0,409984.42
815,Alienware,17.3,i7,16.0,4.1,Nvidia,1024.0,122984.42
816,ASUS,15.6,i7,8.0,4.5,Nvidia,512.0,73061.18000000001
817,Acer,15.6,i5,8.0,4.6,Nvidia,256.0,54858.0
818,MSI,16.0,i7,32.0,4.2,Nvidia,1024.0,71340.0
819,Dell,17.3,i7,16.0,4.4,Other,1024.0,245918.0
820,Alienware,17.3,i9,16.0,5.0,Nvidia,1024.0,409918.0
821,Alienware,17.3,i7,8.0,4.3,Nvidia,1024.0,147595.9
822,Alienware,15.6,i7,16.0,3.7,Nvidia,512.0,188518.0
823,Alienware,18.4,i7,8.0,2.9,AMD,1024.0,163984.41999999998
824,MSI,15.6,i7,16.0,3.9,Nvidia,512.0,147599.18
825,Acer,15.6,i7,16.0,4.6,Nvidia,512.0,100031.8
826,Alienware,17.3,i7,6.0,4.3,Nvidia,256.0,204918.0
827,ASUS,17.3,i5,20.0,4.2,Intel,512.0,41738.0
828,Alienware,15.6,i7,16.0,4.2,Nvidia,128.0,131195.9
829,Alienware,15.6,i7,16.0,3.8,Nvidia,1024.0,114795.9
830,Alienware,18.4,i7,8.0,5.0,Nvidia,1024.0,163918.0
831,Alienware,17.3,i9,16.0,5.0,Nvidia,1024.0,385318.0
832,Alienware,18.4,i7,16.0,3.5,Nvidia,1024.0,163995.9
833,Alienware,17.3,i7,8.0,3.7,Nvidia,1024.0,122995.9
834,Alienware,17.3,i7,32.0,3.9,Nvidia,1024.0,163995.9
835,ASUS,15.6,ryzen7,16.0,4.5,Nvidia,512.0,100449.18
836,Alienware,15.6,i7,16.0,3.2,Nvidia,1024.0,155718.0
837,Alienware,17.3,i7,16.0,4.2,Nvidia,1024.0,163995.9
838,Alienware,17.3,i9,16.0,3.5,Nvidia,1024.0,344318.0
839,Alienware,15.6,i7,8.0,3.5,Nvidia,256.0,122984.42
840,Alienware,17.3,i7,8.0,5.0,Nvidia,256.0,122995.9
841,Lenovo,15.6,ryzen7,16.0,4.6,Nvidia,512.0,68798.0
842,Alienware,17.3,i9,32.0,2.5,Nvidia,2048.0,409995.9
843,Alienware,15.6,i7,16.0,4.1,Nvidia,512.0,122995.9
844,Alienware,15.6,i7,16.0,0.0,Nvidia,256.0,114784.42
845,Alienware,17.3,i7,16.0,0.0,Nvidia,1024.0,122984.42
846,Alienware,15.6,i7,16.0,3.0,Nvidia,1024.0,122984.42
847,Alienware,13.3,i7,8.0,3.8,Nvidia,512.0,139395.9
848,HP,15.6,i7,16.0,4.9,Nvidia,1024.0,87658.0
849,Alienware,18.4,i7,8.0,2.9,AMD,1024.0,163984.41999999998
850,Alienware,15.6,i7,16.0,4.4,Nvidia,1024.0,131195.9
851,MSI,17.3,i7,32.0,4.5,Nvidia,2048.0,145959.18
852,Alienware,17.3,i9,16.0,0.0,Nvidia,1024.0,327918.0
853,Alienware,17.3,i9,16.0,0.0,Nvidia,1024.0,303318.0
854,Alienware,17.3,i9,16.0,0.0,Nvidia,1024.0,327918.0
855,Alienware,17.0,i7,16.0,4.5,Nvidia,1024.0,294379.18
856,Alienware,17.3,i9,16.0,1.0,Nvidia,1024.0,393518.0
857,Alienware,17.25,i9,16.0,2.1,Nvidia,1024.0,270595.9
858,Alienware,17.3,i7,32.0,0.0,Nvidia,1024.0,122995.9
859,Alienware,17.3,i7,16.0,0.0,Nvidia,512.0,245918.0
860,Alienware,17.3,i7,8.0,5.0,Nvidia,128.0,237798.36
861,Alienware,17.3,i7,16.0,0.0,Nvidia,1024.0,131184.41999999998
862,Alienware,17.0,ryzen9,32.0,3.7,Nvidia,1024.0,171790.0
863,Alienware,17.3,i7,8.0,0.0,Nvidia,1024.0,114795.9
864,Alienware,17.0,i7,8.0,3.8,Nvidia,256.0,254118.0
865,Alienware,17.3,i7,32.0,5.0,Nvidia,1024.0,204995.9
866,Alienware,15.6,i7,16.0,5.0,Nvidia,1024.0,143484.41999999998
867,Alienware,17.0,ryzen9,32.0,4.1,AMD,1024.0,188599.18
868,Alienware,17.0,ryzen9,32.0,3.7,Nvidia,1024.0,171790.0
869,Alienware,17.3,i7,8.0,5.0,Nvidia,128.0,237798.36
870,Alienware,17.3,i7,32.0,5.0,Nvidia,1024.0,229174.42
871,Dell,15.6,i7,16.0,5.0,Nvidia,256.0,204918.0
872,Dell,15.0,i7,16.0,4.0,Nvidia,1024.0,90184.42
873,Alienware,17.3,i7,8.0,4.0,Nvidia,1024.0,139395.9
874,MSI,15.6,i5,8.0,4.6,Nvidia,256.0,48132.36
875,Alienware,15.6,i7,16.0,3.6,Nvidia,1024.0,131184.41999999998
876,ASUS,14.0,ryzen9,16.0,4.0,Nvidia,1024.0,90118.0
877,Alienware,17.0,i7,8.0,4.3,Nvidia,512.0,270518.0
878,Alienware,18.4,i7,8.0,4.0,Nvidia,1024.0,163995.9
879,Alienware,17.3,i7,16.0,3.3,Nvidia,1024.0,303395.9
880,Alienware,15.6,i7,6.0,4.2,Nvidia,512.0,128724.42
881,ASUS,15.6,i7,16.0,4.3,Intel,1024.0,112296.54
882,Alienware,15.6,i7,16.0,3.3,Nvidia,1024.0,106584.42
883,MSI,15.6,i7,16.0,4.6,Nvidia,512.0,98318.0
884,Alienware,17.0,i7,16.0,4.1,Nvidia,512.0,139395.9
885,Alienware,15.6,i7,16.0,4.0,Nvidia,16.0,114784.42
886,Alienware,15.6,i7,16.0,0.0,Nvidia,1024.0,204918.0
887,Alienware,15.6,i7,32.0,5.0,Nvidia,1024.0,229518.0
888,Dell,15.6,ryzen9,64.0,3.8,Nvidia,2048.0,155718.0
889,ASUS,15.6,i5,8.0,4.6,Intel,512.0,50429.18
890,Alienware,15.6,i7,32.0,3.0,Nvidia,2048.0,245918.0
891,Alienware,17.3,i7,32.0,5.0,Nvidia,512.0,130785.9
892,Acer,15.6,ryzen5,8.0,4.5,AMD,256.0,39688.0
893,Alienware,17.3,i7,16.0,3.5,Nvidia,128.0,106584.42
894,Alienware,15.6,i7,32.0,4.5,Nvidia,1024.0,181617.7
895,Alienware,15.6,i7,32.0,3.3,Intel,1024.0,141450.0
896,Alienware,17.3,i7,16.0,4.5,Nvidia,1024.0,278718.0
897,Alienware,15.6,i7,32.0,4.5,Nvidia,1024.0,118818.0
898,Alienware,15.6,i7,16.0,4.2,Nvidia,512.0,131195.9
899,Alienware,14.0,i7,32.0,5.0,Other,1024.0,179374.18
900,Alienware,15.6,i7,8.0,4.0,Nvidia,1024.0,139318.0
901,Dell,17.3,i9,32.0,5.0,Nvidia,2048.0,541118.0
902,Microsoft,12.4,i5,8.0,4.6,Intel,256.0,57318.0
903,Acer,15.6,i5,8.0,4.6,Nvidia,256.0,54858.0
904,MSI,15.6,i7,16.0,4.4,Nvidia,512.0,106514.72
905,Dell,15.6,i7,64.0,3.8,AMD,2048.0,188599.18
906,Alienware,15.6,i7,16.0,4.5,Nvidia,512.0,122995.9
907,MSI,17.3,i7,16.0,3.9,Intel,1024.0,111215.78
908,MSI,14.0,i7,32.0,4.0,Intel,1024.0,58630.0
909,MSI,17.3,i7,32.0,4.8,Nvidia,1024.0,136529.18
910,MSI,17.3,i9,32.0,4.7,Nvidia,1024.0,189763.58
911,MSI,17.3,i7,16.0,4.0,Nvidia,512.0,122918.0
912,MSI,17.3,i9,32.0,4.2,Intel,1024.0,262318.0
913,MSI,17.3,i9,64.0,0.0,Nvidia,2048.0,221318.0
914,MSI,15.6,i7,16.0,4.6,Nvidia,512.0,98318.0
915,MSI,16.0,i7,16.0,5.0,Intel,512.0,94268.02
916,MSI,17.3,i7,16.0,5.0,Nvidia,1024.0,163918.0
917,MSI,14.0,i7,16.0,4.5,Intel,512.0,72738.09999999999
918,MSI,15.6,i7,16.0,4.3,Nvidia,512.0,90118.0
919,MSI,15.6,i5,16.0,4.5,Nvidia,1024.0,55759.18
920,MSI,15.6,i7,16.0,4.4,Nvidia,512.0,106514.72
921,HP,15.0,ryzen7,8.0,4.5,AMD,512.0,62156.0
922,HP,17.3,i7,32.0,4.4,Intel,1024.0,98724.72
923,HP,15.6,i3,8.0,4.5,AMD,256.0,49118.0
924,HP,15.6,i5,16.0,4.5,Intel,512.0,53218.0
925,HP,15.6,i3,8.0,4.4,AMD,256.0,46576.0
926,HP,14.0,celeron,4.0,4.4,Intel,64.0,21238.0
927,HP,15.6,i5,32.0,5.0,AMD,1024.0,68879.18000000001
928,HP,15.6,i3,16.0,4.4,Intel,1024.0,36818.0
929,HP,15.6,i5,8.0,0.0,Intel,512.0,45018.0
930,HP,17.3,i3,32.0,4.4,Intel,256.0,40918.0
931,HP,15.6,i3,16.0,0.0,Intel,1024.0,37638.0
932,HP,14.0,ryzen5,8.0,4.5,AMD,256.0,33210.0
933,HP,15.6,i7,16.0,4.4,Intel,512.0,73718.0
934,HP,15.6,i3,8.0,4.4,Intel,256.0,25005.08
935,HP,15.6,i5,32.0,5.0,Intel,1024.0,76259.18000000001
936,HP,15.6,celeron,16.0,4.4,Intel,1024.0,40918.0
937,HP,15.6,i5,16.0,4.4,Intel,512.0,66255.18000000001
938,HP,14.0,celeron,4.0,4.2,Intel,64.0,20418.0
939,HP,17.3,i5,8.0,4.5,Intel,512.0,49118.0
940,HP,14.0,celeron,4.0,4.5,Intel,64.0,17958.0
941,HP,17.3,i3,16.0,4.5,Intel,1024.0,36818.0
942,HP,15.6,i3,16.0,4.2,AMD,1024.0,45099.18
943,HP,17.3,i5,32.0,4.7,Intel,1024.0,65599.18000000001
944,HP,14.0,celeron,4.0,4.4,Intel,64.0,22135.9
945,HP,14.0,i3,8.0,4.3,AMD,64.0,27634.0
946,HP,14.0,celeron,4.0,0.0,Intel,64.0,20090.0
947,HP,17.3,i3,32.0,4.3,Intel,1024.0,49199.18
948,HP,17.3,i7,32.0,0.0,Intel,1024.0,106518.0
949,HP,15.6,i3,16.0,4.3,AMD,1024.0,40918.0
950,HP,11.6,celeron,4.0,4.5,Intel,64.0,13038.0
951,HP,15.6,i7,32.0,5.0,Intel,2048.0,113078.0
952,HP,15.6,i7,16.0,5.0,Intel,1024.0,69699.18000000001
953,HP,14.0,i7,16.0,0.0,Intel,256.0,73799.18000000001
954,HP,14.0,i3,32.0,5.0,AMD,1024.0,40999.18
955,HP,15.6,i5,32.0,4.5,Intel,1024.0,59778.0
956,HP,17.3,i5,32.0,4.1,Intel,1024.0,81098.0
957,HP,14.0,ryzen3,16.0,4.5,AMD,128.0,35259.18
958,HP,15.6,i5,12.0,4.5,Intel,256.0,57318.0
959,HP,17.3,i7,32.0,0.0,Nvidia,1024.0,114718.0
960,HP,15.0,i3,8.0,4.5,AMD,256.0,35178.0
961,HP,15.6,i5,16.0,5.0,Intel,1024.0,49118.0
962,HP,15.6,i3,8.0,5.0,Intel,256.0,28618.0
963,HP,17.3,ryzen5,32.0,4.8,AMD,1024.0,57318.0
964,HP,15.6,i3,16.0,4.5,Intel,1024.0,46658.0
965,HP,17.3,i3,8.0,4.3,Intel,256.0,29356.0
966,HP,15.6,ryzen5,16.0,0.0,AMD,1024.0,49118.0
967,HP,15.6,i5,16.0,4.4,Intel,512.0,52397.18
968,HP,15.6,i3,8.0,4.4,Intel,512.0,40171.8
969,HP,15.6,i3,32.0,4.6,Intel,1024.0,55759.18
970,HP,15.6,i5,32.0,4.0,Intel,1024.0,57399.18
971,HP,14.0,celeron,8.0,4.2,Intel,64.0,27798.0
972,HP,15.6,i5,16.0,5.0,Intel,1024.0,55678.0
973,HP,14.0,ryzen3,16.0,4.1,AMD,1024.0,39278.0
974,HP,15.0,ryzen3,8.0,4.4,AMD,256.0,31734.0
975,HP,15.6,i3,16.0,4.5,Intel,1024.0,43459.18
976,HP,15.6,i3,8.0,4.2,AMD,512.0,32718.0
977,HP,14.0,celeron,16.0,4.2,Intel,64.0,30258.0
978,HP,15.6,ryzen7,16.0,4.4,Nvidia,512.0,77818.0
979,HP,11.6,celeron,4.0,4.2,Intel,64.0,18778.0
980,other,14.0,celeron,8.0,4.4,Intel,128.0,26158.0
981,HP,17.3,i7,32.0,4.1,Nvidia,1024.0,114718.0
982,HP,15.6,i3,16.0,4.4,Intel,1024.0,45018.0
983,HP,17.3,i5,16.0,4.4,Intel,1024.0,63058.0
984,HP,17.3,i5,16.0,4.4,Intel,1024.0,44198.0
985,HP,17.0,i7,16.0,5.0,Intel,512.0,81918.0
986,HP,15.6,ryzen7,32.0,4.2,AMD,512.0,68405.22
987,HP,17.3,i5,8.0,4.2,Intel,256.0,22878.0
988,HP,15.6,i5,32.0,4.3,Intel,1024.0,65350.72
989,HP,17.3,i5,8.0,4.5,Intel,256.0,43378.0
990,HP,17.3,i3,32.0,4.1,Intel,1024.0,45099.18
991,HP,14.0,celeron,4.0,5.0,Intel,64.0,22878.0
992,HP,14.0,i3,16.0,3.0,Intel,1024.0,40918.0
993,HP,14.0,celeron,4.0,4.1,Intel,64.0,22878.0
994,HP,14.0,celeron,4.0,4.5,Intel,32.0,11398.0
995,HP,15.6,i5,16.0,4.7,Intel,1024.0,51578.0
996,HP,11.6,i3,4.0,4.5,AMD,32.0,14678.0
997,HP,15.6,i5,16.0,4.1,Intel,512.0,52069.18
998,HP,15.6,ryzen3,16.0,2.0,AMD,1024.0,45018.0
999,HP,15.6,ryzen7,32.0,4.8,AMD,1024.0,69618.0
1000,HP,14.0,celeron,4.0,3.3,Intel,64.0,23698.0
1001,HP,15.6,i3,8.0,4.0,Intel,256.0,29192.0
1002,HP,17.0,i7,16.0,5.0,Intel,512.0,81918.0
1003,HP,14.0,i5,8.0,4.2,Intel,512.0,41819.18
1004,HP,11.6,i3,4.0,4.4,Other,32.0,8618.199999999999
1005,HP,14.0,i5,8.0,4.4,Intel,256.0,32718.0
1006,HP,17.3,ryzen3,16.0,4.4,AMD,256.0,50777.68
1007,HP,15.6,i5,12.0,4.5,Intel,512.0,38376.0
1008,HP,15.6,i3,4.0,4.0,AMD,128.0,35916.0
1009,HP,17.3,i3,32.0,4.1,Intel,1024.0,45099.18
1010,HP,11.6,i3,4.0,4.1,AMD,32.0,14678.0
1011,HP,14.0,ryzen3,8.0,4.4,AMD,128.0,27798.0
1012,HP,17.3,i5,8.0,4.4,Intel,512.0,34327.66
1013,HP,14.0,i3,8.0,4.5,Other,128.0,18778.0
1014,HP,14.0,ryzen3,16.0,4.5,AMD,512.0,37391.18
1015,HP,14.0,celeron,4.0,4.5,Intel,64.0,17548.0
1016,HP,15.6,celeron,8.0,4.4,Intel,256.0,14678.0
1017,HP,13.5,i7,16.0,4.7,Intel,1024.0,114799.18
1018,HP,15.6,i5,8.0,4.6,Intel,256.0,26647.54
1019,HP,15.6,i5,16.0,0.0,Intel,512.0,57399.18
1020,HP,15.6,celeron,4.0,0.0,Intel,128.0,23779.18
1021,HP,14.0,celeron,4.0,4.0,Intel,32.0,22386.0
1022,HP,17.3,i7,16.0,5.0,Intel,1024.0,92578.0
1023,HP,15.6,i5,32.0,4.4,AMD,1024.0,86099.18000000001
1024,HP,15.6,i3,16.0,3.7,Intel,1024.0,39278.0
1025,HP,14.0,celeron,8.0,4.5,Intel,64.0,29519.18
1026,HP,11.6,celeron,4.0,4.6,Intel,128.0,24598.36
1027,HP,15.6,i5,16.0,3.9,Intel,512.0,50758.0
1028,HP,15.6,i3,16.0,4.6,AMD,1024.0,45099.18
1029,HP,14.0,i7,32.0,0.0,Intel,2048.0,159899.18
1030,HP,15.6,ryzen7,16.0,4.4,AMD,512.0,54734.18
1031,HP,15.6,i3,8.0,4.5,Intel,128.0,36957.4
1032,HP,17.0,ryzen5,16.0,4.3,AMD,256.0,46739.18
1033,HP,15.6,i5,16.0,5.0,AMD,512.0,55678.0
1034,HP,15.6,i3,16.0,5.0,Intel,1024.0,40999.18
1035,HP,15.6,celeron,4.0,0.0,Intel,128.0,23779.18
1036,HP,15.0,i5,16.0,4.5,Intel,1024.0,56555.4
1037,HP,17.3,i7,16.0,5.0,Intel,1024.0,92578.0
1038,HP,15.6,i3,16.0,3.7,Intel,1024.0,39278.0
1039,HP,15.6,i5,32.0,4.4,AMD,1024.0,86099.18000000001
1040,HP,14.0,celeron,8.0,4.5,Intel,64.0,29519.18
1041,HP,14.0,i3,8.0,0.0,Intel,1024.0,47478.0
1042,HP,11.6,celeron,4.0,4.6,Intel,128.0,24598.36
1043,HP,15.6,ryzen5,8.0,4.1,AMD,256.0,39770.0
1044,HP,15.6,ryzen5,8.0,4.3,AMD,256.0,41738.0
1045,HP,14.0,ryzen3,16.0,4.2,AMD,128.0,26158.0
1046,HP,14.0,i3,8.0,4.5,Intel,256.0,29438.0
1047,HP,11.6,i3,4.0,4.4,Other,32.0,13119.18
1048,HP,15.6,i3,16.0,4.6,Intel,1024.0,46658.0
1049,HP,14.0,celeron,8.0,4.3,Intel,64.0,28699.18
1050,Lenovo,14.0,i5,16.0,4.5,Intel,1024.0,59859.18
1051,HP,15.6,ryzen3,16.0,4.1,AMD,512.0,45018.0
1052,HP,14.0,i3,8.0,3.8,Other,128.0,24595.08
1053,HP,15.6,ryzen3,16.0,4.4,AMD,512.0,43378.0
1054,HP,15.6,i5,16.0,4.1,AMD,512.0,53218.0
1055,HP,13.5,i7,16.0,4.5,Intel,1024.0,134479.18
1056,HP,15.6,i5,8.0,4.5,Intel,256.0,35993.9
1057,HP,14.0,celeron,4.0,4.5,Intel,64.0,26239.18
1058,HP,15.6,i5,16.0,5.0,Intel,1024.0,48379.18
1059,HP,14.0,i3,4.0,4.3,AMD,64.0,27943.14
1060,HP,17.3,ryzen5,8.0,4.6,AMD,256.0,38130.0
1061,HP,15.6,i3,32.0,4.3,Intel,1024.0,43378.0
1062,HP,15.0,i5,8.0,4.2,Intel,512.0,35943.88
1063,HP,15.0,i3,8.0,4.5,Intel,256.0,32799.18
1064,HP,14.0,celeron,8.0,0.0,Intel,128.0,24518.0
1065,HP,14.0,celeron,8.0,5.0,Intel,64.0,27059.18
1066,HP,15.6,i5,16.0,4.1,AMD,512.0,55737.86
1067,HP,17.3,i5,8.0,4.2,Intel,256.0,42312.0
1068,HP,15.6,i3,8.0,4.5,AMD,256.0,49118.0
1069,HP,17.3,i3,16.0,4.1,AMD,1024.0,46658.0
1070,HP,15.6,i5,32.0,0.0,Intel,1024.0,62319.18
1071,HP,13.3,i5,8.0,4.3,Intel,256.0,46330.0
1072,HP,11.6,i3,4.0,4.6,AMD,32.0,13858.0
1073,HP,17.3,i3,16.0,4.3,Intel,512.0,47478.0
1074,HP,17.3,i7,16.0,4.2,Intel,1024.0,94218.0
1075,HP,15.6,i5,16.0,4.1,AMD,512.0,55737.86
1076,HP,17.3,i5,8.0,4.2,Intel,256.0,42312.0
1077,HP,15.6,i3,8.0,4.5,AMD,256.0,49118.0
1078,HP,17.3,i3,8.0,4.5,AMD,1024.0,49118.0
1079,HP,14.0,celeron,4.0,4.4,Intel,64.0,19671.8
1080,HP,13.3,i5,8.0,4.3,Intel,256.0,46330.0
1081,HP,17.3,i3,16.0,4.1,AMD,1024.0,46658.0
1082,HP,17.3,i7,16.0,4.2,Intel,1024.0,94218.0
1083,HP,15.6,ryzen3,8.0,4.4,AMD,256.0,33538.0
1084,HP,17.3,i3,8.0,4.5,AMD,1024.0,49118.0
1085,HP,14.0,celeron,8.0,4.2,Intel,64.0,27879.18
1086,HP,15.6,ryzen7,32.0,4.3,AMD,1024.0,51578.0
1087,HP,15.6,i5,8.0,3.9,Intel,256.0,28699.18
1088,Lenovo,14.0,i5,16.0,4.5,Intel,1024.0,59859.18
1089,HP,14.0,i3,8.0,3.8,Other,128.0,24595.08
1090,HP,15.6,ryzen3,16.0,4.1,AMD,512.0,45018.0
1091,HP,14.0,celeron,8.0,5.0,Intel,64.0,27059.18
1092,HP,14.0,i3,8.0,0.0,Intel,1024.0,47478.0
1093,HP,15.6,ryzen5,8.0,4.1,AMD,256.0,39770.0
1094,HP,15.6,ryzen5,8.0,4.3,AMD,256.0,41738.0
1095,HP,15.6,ryzen5,16.0,4.4,AMD,512.0,31078.0
1096,HP,15.6,i3,16.0,4.6,AMD,1024.0,45099.18
1097,HP,15.6,i5,16.0,3.9,Intel,512.0,50758.0
1098,HP,14.0,i3,4.0,4.4,Intel,64.0,17219.18
1099,HP,14.0,i7,32.0,0.0,Intel,2048.0,159899.18
1100,HP,14.0,i5,8.0,4.4,Intel,256.0,32718.0
1101,HP,15.6,i3,4.0,4.0,AMD,128.0,35916.0
1102,HP,14.0,i3,16.0,3.0,Intel,1024.0,40918.0
1103,HP,17.3,ryzen5,32.0,4.8,AMD,1024.0,57318.0
1104,HP,14.0,celeron,4.0,4.1,Intel,64.0,22878.0
1105,HP,15.6,i5,16.0,4.7,Intel,1024.0,51578.0
1106,HP,14.0,ryzen3,16.0,4.5,AMD,512.0,34358.0
1107,HP,14.0,i5,8.0,4.6,Intel,256.0,47797.8
1108,HP,17.3,i3,12.0,5.0,Intel,256.0,49118.0
1109,HP,15.6,i3,32.0,4.4,Intel,1024.0,43378.0
1110,HP,11.6,celeron,4.0,4.4,Intel,32.0,14203.22
1111,HP,11.6,celeron,4.0,4.3,Intel,64.0,14759.18
1112,HP,15.6,ryzen5,16.0,4.5,AMD,512.0,49118.0
1113,HP,14.0,i3,8.0,4.4,Intel,64.0,15498.0
1114,HP,14.0,ryzen3,16.0,4.7,AMD,1024.0,41819.18
1115,HP,15.6,ryzen7,8.0,4.4,AMD,256.0,43255.0
1116,HP,15.6,i3,16.0,4.4,Intel,1024.0,38458.0
1117,HP,14.0,celeron,4.0,4.4,Intel,64.0,18696.0
1118,HP,17.3,i7,64.0,4.8,Intel,2048.0,123738.0
1119,HP,15.6,i7,16.0,4.5,Intel,512.0,72078.0
1120,HP,15.6,i3,8.0,4.2,Intel,256.0,28166.18
1121,HP,15.6,i3,16.0,4.4,Intel,512.0,35998.0
1122,HP,14.0,celeron,4.0,4.4,Intel,64.0,19598.0
1123,HP,15.6,celeron,16.0,4.4,Intel,1024.0,39278.0
1124,HP,14.0,celeron,4.0,4.3,Intel,64.0,24518.0
1125,HP,17.3,i5,16.0,4.4,Intel,1024.0,51168.0
1126,HP,15.6,i5,16.0,4.5,Intel,512.0,44271.8
1127,HP,15.6,i7,16.0,4.4,Intel,512.0,73718.0
1128,HP,15.6,i3,8.0,4.3,Intel,256.0,31898.0
1129,HP,15.6,i3,8.0,4.4,Intel,256.0,24599.18
1130,HP,15.6,i5,8.0,4.4,Intel,256.0,36735.18
1131,HP,15.6,i3,8.0,4.3,Intel,256.0,31898.0
1132,HP,17.3,i5,16.0,4.4,Intel,1024.0,51168.0
1133,Dell,15.6,celeron,8.0,4.4,Intel,128.0,30750.0
1134,Dell,15.6,i5,32.0,4.4,Intel,1024.0,53659.98
1135,Dell,15.6,celeron,16.0,4.3,Intel,1024.0,37638.0
1136,Dell,15.6,i5,32.0,4.3,Intel,1024.0,43459.18
1137,ASUS,17.3,i5,20.0,4.2,Intel,512.0,41738.0
1138,ASUS,11.6,celeron,4.0,4.2,Other,64.0,11644.0
1139,ASUS,15.6,i3,4.0,4.7,Intel,64.0,10659.18
1140,Acer,15.6,ryzen5,8.0,4.5,AMD,256.0,39688.0
1141,SAMSUNG,15.6,i5,8.0,4.3,Intel,512.0,82000.0
1142,SAMSUNG,15.6,i5,8.0,4.1,Intel,256.0,49199.18
1143,SAMSUNG,13.3,i7,16.0,4.4,Intel,512.0,78310.0
1144,SAMSUNG,12.2,celeron,4.0,4.4,Intel,64.0,16399.18
1145,ASUS,17.3,ryzen7,8.0,0.0,AMD,512.0,53218.0
1146,SAMSUNG,14.0,i3,4.0,4.3,Other,512.0,19270.0
1147,SAMSUNG,13.3,i5,8.0,4.5,Intel,256.0,51659.18
1148,ASUS,17.3,ryzen7,16.0,0.0,Nvidia,512.0,81999.18000000001
1149,SAMSUNG,14.0,i3,4.0,4.2,Other,128.0,20909.18
1150,SAMSUNG,13.3,i5,8.0,3.8,Intel,256.0,90199.18
1151,SAMSUNG,13.3,i5,8.0,3.9,Intel,256.0,81918.0
1152,SAMSUNG,13.3,i5,8.0,4.5,Intel,256.0,60598.0
1153,SAMSUNG,11.6,celeron,4.0,4.4,Intel,64.0,13110.16
1154,ASUS,15.6,i3,12.0,5.0,Intel,512.0,32791.8
1155,Dell,15.6,i5,16.0,0.0,Intel,256.0,49199.18
1156,SAMSUNG,11.6,celeron,4.0,4.4,Intel,16.0,3852.36
1157,ASUS,14.0,ryzen5,8.0,4.4,Intel,512.0,54963.78
1158,ASUS,17.3,celeron,4.0,0.0,Intel,64.0,22959.18
1159,ASUS,14.0,ryzen7,16.0,4.3,AMD,1024.0,81999.18000000001
1160,ASUS,17.3,i5,12.0,3.4,Intel,1024.0,36079.18
1161,ASUS,15.6,ryzen7,8.0,4.0,Nvidia,1024.0,57399.18
1162,ASUS,14.0,ryzen7,16.0,4.3,Nvidia,1024.0,72816.0
1163,other,13.3,i7,16.0,4.1,Intel,512.0,68796.36
1164,other,13.3,i5,8.0,4.6,Intel,256.0,57316.36
1165,ASUS,16.0,i3,8.0,0.0,Intel,128.0,49199.18
1166,SAMSUNG,15.6,i7,16.0,4.6,Intel,1024.0,118899.18
1167,other,14.0,i3,4.0,0.0,Intel,128.0,16399.18
1168,ASUS,14.0,i3,4.0,4.8,Intel,128.0,19675.9
1169,ASUS,15.6,ryzen9,16.0,2.7,AMD,1024.0,81999.18000000001
1170,ASUS,12.0,celeron,4.0,4.2,Intel,128.0,13612.0
1171,Dell,15.6,i3,32.0,3.8,Intel,1024.0,47559.18
1172,Dell,15.6,i5,16.0,3.3,Intel,1024.0,73718.0
1173,Dell,15.6,i7,64.0,0.0,Nvidia,4096.0,254199.18
1174,CHUWI,13.0,celeron,8.0,4.1,Intel,256.0,22058.0
1175,ASUS,14.5,i5,32.0,3.8,Nvidia,1024.0,188599.18
1176,ASUS,15.6,i5,12.0,4.5,Intel,512.0,49118.0
1177,ASUS,15.6,i7,16.0,4.0,Intel,1024.0,55759.18
1178,ASUS,15.6,ryzen9,64.0,0.0,AMD,1024.0,127919.18
1179,ASUS,15.6,i7,8.0,4.5,Nvidia,512.0,73061.18000000001
1180,Dell,16.0,i7,16.0,4.2,AMD,512.0,90200.0
1181,Dell,15.6,i5,8.0,4.4,Intel,256.0,38531.8
1182,HP,11.6,i3,4.0,4.4,Other,32.0,13119.18
1183,ASUS,16.0,i5,8.0,5.0,Intel,512.0,56170.0
1184,ASUS,15.6,i7,32.0,3.4,Nvidia,1024.0,109879.18
1185,ASUS,14.0,i3,8.0,4.8,Intel,256.0,34768.0
1186,ASUS,14.0,i3,8.0,4.1,Intel,64.0,20499.18
1187,Dell,16.0,i7,24.0,0.0,Nvidia,1024.0,139318.0
1188,Dell,15.6,i5,16.0,3.7,Intel,1024.0,52479.18
1189,SAMSUNG,15.6,i5,8.0,4.0,Intel,256.0,32799.18
1190,ASUS,15.6,celeron,4.0,4.3,Intel,128.0,23698.0
1191,ASUS,15.6,i3,20.0,3.3,Intel,1024.0,35178.0
1192,ASUS,15.6,ryzen7,16.0,4.5,Nvidia,1024.0,106599.18
1193,Dell,15.6,i7,32.0,0.0,Other,1024.0,188518.0
1194,Dell,13.3,i5,16.0,5.0,Intel,512.0,49293.48
1195,Dell,15.6,celeron,16.0,4.0,Intel,1024.0,45015.54
1196,ASUS,15.6,ryzen9,16.0,4.1,Nvidia,1024.0,123819.18
1197,ASUS,14.0,i3,8.0,4.2,Intel,64.0,15899.8
1198,ASUS,15.6,i3,12.0,4.3,Intel,512.0,32799.18
1199,ASUS,15.6,ryzen3,4.0,4.1,AMD,64.0,40999.18
1200,Dell,13.4,i7,32.0,2.0,Intel,1024.0,163918.0
1201,Dell,14.0,i5,16.0,0.0,Intel,512.0,48305.380000000005
1202,SAMSUNG,12.2,i3,4.0,4.3,Intel,64.0,18039.18
1203,SAMSUNG,11.6,celeron,4.0,4.4,Intel,16.0,3771.18
1204,SAMSUNG,15.0,celeron,4.0,0.0,Intel,64.0,29438.0
1205,ASUS,14.0,ryzen5,8.0,3.9,Nvidia,256.0,47468.16
1206,Dell,14.0,i7,12.0,4.5,Intel,512.0,61418.0
1207,Dell,16.0,i7,64.0,4.3,Intel,2048.0,123738.0
1208,Dell,15.6,celeron,16.0,4.2,Intel,512.0,41164.0
1209,other,15.6,i7,16.0,0.0,Intel,1024.0,106518.0
1210,SAMSUNG,12.1,i3,2.0,3.0,Intel,16.0,6478.0
1211,Dell,15.6,i3,16.0,3.8,Intel,1024.0,40999.18
1212,Dell,15.6,ryzen5,16.0,4.1,AMD,1024.0,38458.0
1213,Dell,15.6,i5,16.0,4.1,Intel,1024.0,59039.18
1214,Dell,14.1,i3,2.0,3.9,Intel,512.0,9266.0
1215,Dell,15.6,i5,32.0,2.6,Intel,256.0,65518.0
1216,Dell,15.6,ryzen7,16.0,5.0,AMD,512.0,61909.18
1217,Dell,13.4,i7,32.0,2.0,Intel,1024.0,163918.0
1218,ASUS,15.6,i9,32.0,4.5,Nvidia,1024.0,262481.18
1219,Dell,16.0,i7,16.0,3.8,Intel,512.0,95198.72
1220,HP,15.0,ryzen7,8.0,4.5,AMD,512.0,62156.0
1221,Dell,17.0,i7,32.0,3.8,Nvidia,1024.0,154816.0
1222,Dell,14.0,ryzen5,16.0,0.0,AMD,1024.0,63058.0
1223,Dell,14.0,i3,4.0,3.2,AMD,128.0,27798.0
1224,Dell,13.4,i7,16.0,5.0,Intel,512.0,135218.0
1225,Dell,15.6,i3,8.0,4.7,Intel,128.0,31971.8
1226,Dell,17.3,i5,16.0,4.3,Intel,1024.0,90118.0
1227,ASUS,14.0,i7,16.0,0.0,Nvidia,1024.0,104048.16
1228,ASUS,15.6,i5,8.0,0.0,Intel,256.0,73778.68000000001
1229,ASUS,15.6,i3,4.0,0.0,Intel,128.0,24436.0
1230,ASUS,11.6,celeron,4.0,4.2,Intel,64.0,9758.0
1231,ASUS,14.0,ryzen7,4.0,5.0,Nvidia,1024.0,81179.18000000001
1232,ASUS,15.6,i3,4.0,0.0,Intel,128.0,18778.0
1233,ASUS,11.6,celeron,4.0,4.3,Intel,16.0,5739.179999999999
1234,ASUS,16.0,i7,16.0,0.0,Nvidia,1024.0,106599.18
1235,ASUS,14.0,ryzen5,8.0,4.5,AMD,512.0,51529.62
1236,ASUS,14.0,celeron,4.0,4.3,Intel,128.0,24599.18
1237,ASUS,17.3,i5,16.0,5.0,Intel,512.0,76734.78
1238,ASUS,11.6,celeron,4.0,0.0,Intel,64.0,18039.18
1239,Acer,15.6,i3,4.0,4.3,Intel,128.0,26157.18
1240,ASUS,16.0,i7,64.0,3.5,Nvidia,1024.0,172199.18
1241,ASUS,11.6,celeron,4.0,3.8,Intel,128.0,20499.18
1242,ASUS,14.0,i3,4.0,4.1,Intel,128.0,17375.8
1243,ASUS,14.0,ryzen3,12.0,5.0,Intel,512.0,32791.8
1244,ASUS,15.6,ryzen5,8.0,4.5,AMD,128.0,34358.0
1245,ASUS,14.0,celeron,4.0,4.3,Intel,64.0,14678.0
1246,ASUS,17.3,i7,16.0,4.4,Nvidia,512.0,144980.91999999998
1247,ASUS,15.6,i3,12.0,4.6,Intel,512.0,33619.18
1248,ASUS,15.6,i7,16.0,0.0,Nvidia,512.0,98399.18
1249,ASUS,15.6,i3,8.0,4.4,Intel,128.0,21238.0
1250,ASUS,15.6,ryzen5,8.0,0.0,Nvidia,512.0,65599.18000000001
1251,ASUS,14.0,celeron,4.0,4.2,Intel,32.0,16604.18
1252,ASUS,14.0,i7,16.0,0.0,Nvidia,1024.0,105770.16
1253,ASUS,16.0,i7,40.0,2.0,Nvidia,512.0,135217.18
1254,ASUS,16.0,i7,16.0,4.4,Intel,512.0,72979.18000000001
1255,ASUS,14.0,ryzen7,40.0,3.8,AMD,1024.0,107403.6
1256,ASUS,15.6,i5,8.0,4.6,Nvidia,512.0,57318.0
1257,ASUS,15.6,i5,8.0,4.9,Intel,1024.0,48106.12
1258,ASUS,15.6,i7,20.0,3.9,Intel,1024.0,73718.0
1259,ASUS,15.6,i7,32.0,3.9,Nvidia,1024.0,245974.58
1260,ASUS,14.0,celeron,4.0,4.4,Intel,256.0,18778.0
1261,ASUS,15.6,ryzen9,24.0,3.7,Nvidia,1024.0,123811.8
1262,ASUS,15.6,i7,16.0,4.5,Intel,1024.0,122999.18
1263,ASUS,14.0,i7,16.0,0.0,Intel,512.0,102418.0
1264,ASUS,14.0,i3,8.0,4.5,Intel,64.0,24599.18
1265,ASUS,14.0,celeron,4.0,4.3,Intel,64.0,16318.0
1266,ASUS,14.0,i3,8.0,4.0,Intel,128.0,53299.18
1267,ASUS,17.3,ryzen9,16.0,4.3,Nvidia,1024.0,195078.0
1268,ASUS,11.6,i3,4.0,0.0,Intel,64.0,11480.0
1269,ASUS,17.3,celeron,4.0,4.2,Intel,32.0,23288.0
1270,ASUS,14.0,ryzen5,16.0,0.0,Nvidia,1024.0,57318.0
1271,ASUS,17.3,ryzen7,16.0,4.5,Nvidia,512.0,118899.18
1272,ASUS,15.6,ryzen9,32.0,5.0,AMD,2048.0,135291.80000000002
1273,ASUS,16.0,i9,64.0,3.7,Nvidia,4096.0,368918.0
1274,ASUS,14.0,celeron,4.0,4.5,Intel,4.0,16318.0
1275,ASUS,14.0,i7,32.0,0.0,Intel,2048.0,175776.84
1276,ASUS,14.5,i7,24.0,0.0,Intel,1024.0,88222.16
1277,ASUS,15.6,ryzen7,16.0,0.0,Nvidia,512.0,76997.18000000001
1278,ASUS,14.0,ryzen5,8.0,4.5,Nvidia,256.0,49118.0
1279,ASUS,16.0,i7,16.0,0.0,Nvidia,2048.0,109879.18
1280,ASUS,17.3,i5,8.0,4.4,Intel,128.0,51578.0
1281,ASUS,14.0,i3,4.0,0.0,Intel,256.0,32718.0
1282,ASUS,12.0,i3,4.0,4.1,Other,32.0,21238.0
1283,ASUS,15.6,i5,16.0,0.0,Nvidia,1024.0,79211.18000000001
1284,ASUS,14.0,celeron,4.0,4.0,Intel,64.0,15579.18
1285,ASUS,14.0,celeron,4.0,4.3,Intel,32.0,15829.28
1286,ASUS,17.0,i5,12.0,4.5,Intel,1024.0,39031.18
1287,ASUS,14.0,i5,8.0,3.9,Intel,512.0,90199.18
1288,ASUS,17.3,i7,16.0,4.6,Intel,1024.0,73718.0
1289,ASUS,14.0,i5,8.0,0.0,Intel,1024.0,53218.0
1290,ASUS,15.6,ryzen7,16.0,4.5,Nvidia,512.0,100449.18
1291,ASUS,15.6,i5,8.0,0.0,Intel,512.0,47992.96
1292,ASUS,11.6,celeron,4.0,4.0,Intel,128.0,14759.18
1293,ASUS,15.6,i5,8.0,4.9,Intel,1024.0,48106.12
1294,ASUS,15.6,i7,20.0,3.9,Intel,1024.0,73718.0
1295,ASUS,15.6,i7,32.0,3.9,Nvidia,1024.0,245974.58
1296,ASUS,15.6,ryzen9,32.0,5.0,AMD,1024.0,119711.8
1297,ASUS,15.6,i5,8.0,4.0,Intel,256.0,40998.36
1298,ASUS,17.3,i5,12.0,0.0,Intel,1024.0,40918.0
1299,ASUS,15.6,i7,16.0,0.0,Intel,1024.0,90199.18
1300,ASUS,14.0,i5,8.0,3.0,Nvidia,256.0,63139.18
1301,ASUS,15.6,i5,32.0,5.0,Nvidia,1024.0,81918.0
1302,ASUS,14.0,i3,8.0,4.7,Intel,64.0,21238.0
1303,ASUS,15.6,i9,64.0,5.0,Nvidia,2048.0,195979.18
1304,ASUS,15.6,ryzen7,8.0,5.0,AMD,512.0,62696.380000000005
1305,ASUS,11.0,celeron,4.0,0.0,Intel,128.0,20499.18
1306,ASUS,16.0,i7,16.0,4.2,Intel,512.0,81999.18000000001
1307,ASUS,14.0,i3,4.0,3.5,Intel,128.0,30339.18
1308,Alienware,15.6,i7,32.0,4.5,Nvidia,1024.0,118818.0
1309,Dell,15.6,i3,8.0,4.4,Intel,128.0,43869.18
1310,Dell,15.6,ryzen5,12.0,4.5,AMD,512.0,35178.0
1311,Dell,15.6,i5,8.0,4.3,Nvidia,256.0,81999.18000000001
1312,Dell,14.0,i5,16.0,5.0,Intel,512.0,49118.0
1313,Dell,15.6,i7,16.0,5.0,Nvidia,1024.0,124475.18
1314,Dell,15.6,i7,16.0,4.4,Nvidia,512.0,139318.0
1315,Dell,15.6,ryzen7,32.0,4.2,Nvidia,1024.0,67978.0
1316,Dell,13.3,i7,16.0,0.0,Intel,512.0,103791.5
1317,Dell,14.0,i7,16.0,4.2,Intel,1024.0,122999.18
1318,Dell,15.6,i7,16.0,4.3,Nvidia,256.0,122918.0
1319,Dell,15.6,i7,8.0,3.9,Intel,512.0,36404.72
1320,Dell,14.0,i7,32.0,0.0,Intel,256.0,147190.0
1321,Dell,14.0,i3,8.0,5.0,Intel,1024.0,40918.0
1322,Dell,16.0,i7,16.0,4.3,Intel,1024.0,79376.0
1323,Dell,13.3,i5,16.0,0.0,Intel,512.0,183179.8
1324,Dell,15.6,i7,8.0,4.4,Intel,1024.0,32718.0
1325,Dell,15.6,i5,16.0,5.0,Intel,1024.0,49938.0
1326,Dell,15.6,ryzen5,16.0,0.0,AMD,512.0,45091.8
1327,Dell,15.6,i5,16.0,3.9,AMD,512.0,65518.0
1328,Dell,15.6,i7,16.0,0.0,Intel,512.0,111110.0
1329,Dell,15.6,ryzen7,32.0,4.2,Nvidia,1024.0,67978.0
1330,Dell,14.0,i5,8.0,5.0,Intel,256.0,50594.0
1331,Dell,15.6,i5,16.0,4.3,Intel,512.0,36899.18
1332,Dell,15.0,i9,64.0,4.0,Intel,1024.0,303318.0
1333,Dell,14.0,i5,16.0,4.0,Intel,256.0,65598.36
1334,Dell,14.0,i7,16.0,0.0,Intel,1024.0,73718.0
1335,Dell,15.6,i7,16.0,4.3,Nvidia,512.0,114799.18
1336,Dell,15.6,i7,32.0,4.6,Nvidia,1024.0,148338.0
1337,Dell,14.0,i7,16.0,4.2,Intel,512.0,73718.0
1338,Dell,15.6,i3,8.0,4.6,Intel,128.0,26158.0
1339,Dell,14.0,i5,8.0,0.0,Intel,256.0,63876.36
1340,Dell,15.6,i7,16.0,4.2,Intel,512.0,57318.0
1341,Dell,16.0,i7,64.0,4.0,Nvidia,2048.0,147518.0
1342,Dell,14.0,i7,16.0,0.0,Intel,256.0,106518.0
1343,Dell,15.6,i5,12.0,4.3,Intel,256.0,31816.0
1344,Dell,15.6,i5,8.0,4.0,Intel,256.0,45099.18
1345,Dell,15.6,i5,8.0,4.0,Intel,256.0,45099.18
1346,Dell,15.6,i5,32.0,4.2,Intel,1024.0,54354.52
1347,Dell,15.6,i3,8.0,4.0,Intel,1024.0,21811.18
1348,Dell,17.3,i7,32.0,0.0,Nvidia,512.0,229518.0
1349,Dell,15.6,i7,32.0,0.0,Nvidia,512.0,135300.0
1350,ASUS,15.6,i7,16.0,4.3,Nvidia,1024.0,205000.0
1351,Dell,15.6,ryzen5,8.0,4.5,AMD,256.0,22878.0
1352,ASUS,15.6,i9,32.0,0.0,Nvidia,1024.0,163098.0
1353,ASUS,16.0,i7,16.0,0.0,Nvidia,1024.0,102007.18
1354,ASUS,15.6,ryzen7,8.0,0.0,Nvidia,256.0,52971.18
1355,ASUS,15.6,i3,20.0,4.1,Intel,512.0,40918.0
1356,ASUS,15.6,ryzen7,8.0,3.6,Nvidia,256.0,51331.18
1357,ASUS,15.6,ryzen7,32.0,5.0,Nvidia,1024.0,113151.8
1358,ASUS,15.6,ryzen5,8.0,5.0,AMD,512.0,60269.18
1359,ASUS,14.0,i7,16.0,4.1,Intel,1024.0,67978.0
1360,ASUS,15.6,i7,16.0,4.6,Intel,512.0,90118.0
1361,ASUS,14.0,i7,16.0,3.9,Nvidia,1024.0,80359.18000000001
1362,Dell,14.0,i5,16.0,0.0,Intel,512.0,48305.380000000005
1363,ASUS,15.6,ryzen7,16.0,4.5,Nvidia,1024.0,73799.18000000001
1364,ASUS,15.6,i7,16.0,4.2,Nvidia,1024.0,178678.0
1365,Dell,14.0,i7,12.0,4.5,Intel,512.0,61418.0
1366,Dell,16.0,i7,64.0,4.3,Intel,2048.0,123738.0
1367,ASUS,14.0,i3,8.0,2.3,Intel,64.0,15498.0
1368,ASUS,14.0,i7,8.0,4.5,Intel,256.0,102418.0
1369,ASUS,15.6,celeron,4.0,4.0,Intel,128.0,24518.0
1370,ASUS,14.0,i3,4.0,4.3,Intel,128.0,14759.18
1371,ASUS,16.0,i7,64.0,3.5,Nvidia,1024.0,172199.18
1372,ASUS,13.3,i5,8.0,4.4,Intel,256.0,58449.6
1373,ASUS,14.0,i3,8.0,4.8,Intel,256.0,34768.0
1374,ASUS,15.6,ryzen7,16.0,4.1,AMD,512.0,73799.18000000001
1375,ASUS,15.6,i3,4.0,4.5,Intel,128.0,22058.0
1376,ASUS,14.0,i3,4.0,4.3,Intel,128.0,19101.9
1377,ASUS,15.6,ryzen5,8.0,4.4,Nvidia,256.0,54858.0
1378,SAMSUNG,11.6,i3,2.0,4.1,Intel,16.0,14431.18
1379,ASUS,10.5,i3,4.0,4.2,Other,64.0,21532.38
1380,SAMSUNG,11.0,celeron,4.0,0.0,Intel,32.0,11398.0
1381,SAMSUNG,11.6,celeron,4.0,4.3,Intel,32.0,22796.0
1382,Dell,15.6,i7,32.0,0.0,Other,1024.0,188518.0
1383,HP,14.0,celeron,4.0,4.6,Other,64.0,27059.18
1384,Dell,13.3,i5,16.0,5.0,Intel,512.0,49293.48
1385,Dell,15.6,celeron,16.0,4.0,Intel,1024.0,45015.54
1386,Dell,15.6,ryzen5,8.0,5.0,AMD,256.0,44279.18
1387,Dell,15.6,i3,8.0,4.5,Intel,256.0,22131.8
1388,ASUS,15.6,ryzen3,8.0,4.4,AMD,256.0,40999.18
1389,ASUS,15.6,ryzen7,16.0,4.5,Nvidia,512.0,86018.0
1390,ASUS,15.6,i7,16.0,3.5,Intel,1024.0,76998.0
1391,ASUS,15.6,celeron,8.0,4.1,Intel,64.0,18367.18
1392,ASUS,14.0,celeron,4.0,4.0,Intel,64.0,17138.0
1393,ASUS,14.0,i7,16.0,4.2,Nvidia,512.0,111437.18
1394,ASUS,17.3,ryzen5,8.0,4.5,AMD,512.0,57399.18
1395,ASUS,15.6,i7,16.0,4.3,Intel,1024.0,112296.54
1396,ASUS,15.6,celeron,4.0,4.0,Intel,128.0,24518.0
1397,ASUS,16.0,i7,32.0,3.5,Nvidia,1024.0,122999.18
1398,ASUS,14.0,ryzen7,8.0,4.4,AMD,512.0,52151.18
1399,other,15.6,celeron,4.0,3.9,Intel,128.0,24599.18
1400,SAMSUNG,11.6,celeron,4.0,4.4,Intel,16.0,5574.360000000001
1401,SAMSUNG,13.3,i5,8.0,4.4,Intel,256.0,63959.18
1402,other,13.3,celeron,8.0,4.1,Other,128.0,16399.18
1403,SAMSUNG,11.6,i3,4.0,4.6,Intel,16.0,5976.16
1404,SAMSUNG,11.6,celeron,2.0,4.4,Intel,16.0,5731.8
1405,Dell,15.6,celeron,16.0,4.2,Intel,512.0,41164.0
1406,Dell,16.0,i7,64.0,4.3,Intel,2048.0,123738.0
1407,Dell,13.3,i5,16.0,5.0,Intel,512.0,49293.48
1408,Dell,15.6,celeron,16.0,4.0,Intel,1024.0,45015.54
1409,Dell,15.6,ryzen5,8.0,5.0,AMD,256.0,44279.18
1410,ASUS,15.6,ryzen7,32.0,4.6,Nvidia,512.0,87722.78
1411,ASUS,15.6,celeron,4.0,4.0,Intel,128.0,24518.0
1412,ASUS,15.6,i3,20.0,4.6,Intel,1024.0,40999.18
1413,ASUS,16.0,ryzen9,32.0,4.1,Nvidia,2048.0,303318.0
1414,ASUS,15.6,i5,8.0,5.0,Intel,512.0,53295.08
1415,ASUS,14.0,i3,8.0,4.5,Intel,320.0,26158.0
1416,ASUS,15.6,ryzen7,8.0,4.6,Nvidia,512.0,94299.18
1417,ASUS,14.0,i7,16.0,0.0,Nvidia,1024.0,103811.18
1418,ASUS,15.6,celeron,4.0,4.0,Intel,64.0,18039.18
1419,other,15.6,celeron,12.0,4.0,Intel,512.0,32799.18
1420,SAMSUNG,15.6,i7,16.0,4.5,Nvidia,512.0,65599.18000000001
1421,SAMSUNG,11.6,i3,4.0,4.4,Intel,32.0,4095.9
1422,ASUS,15.6,i9,16.0,3.0,Nvidia,512.0,286918.0
1423,SAMSUNG,11.6,i3,2.0,3.7,Intel,16.0,4099.18
1424,HP,14.0,celeron,4.0,4.2,Intel,64.0,24518.0
1425,CHUWI,13.0,celeron,8.0,4.1,Intel,256.0,24518.0
1426,Dell,15.6,i3,8.0,4.5,Intel,256.0,22131.8
1427,Dell,13.3,i5,8.0,4.0,Intel,512.0,45920.0
1428,Dell,15.0,i5,8.0,3.5,Intel,256.0,36644.98
1429,Dell,15.6,i7,16.0,0.0,Intel,512.0,159981.18
1430,Dell,15.6,i5,8.0,4.5,Nvidia,512.0,64370.0
1431,Dell,15.6,i5,16.0,3.9,Intel,512.0,45385.36
1432,Dell,15.6,i5,8.0,3.5,Intel,256.0,55760.0
1433,ASUS,13.3,ryzen7,16.0,3.8,AMD,1024.0,139399.18
1434,ASUS,15.6,ryzen9,16.0,4.3,Nvidia,1024.0,156291.18
1435,ASUS,15.6,i7,32.0,4.6,Nvidia,1024.0,97087.18
1436,ASUS,13.3,i5,8.0,4.4,Intel,256.0,58449.6
1437,ASUS,14.5,i7,16.0,3.5,Intel,1024.0,86008.16
1438,ASUS,16.0,i7,32.0,4.2,Nvidia,1024.0,172118.0
1439,ASUS,16.0,i5,8.0,5.0,Intel,512.0,56170.0
1440,ASUS,11.6,celeron,4.0,4.2,Intel,32.0,8036.0
1441,ASUS,14.0,i3,8.0,4.8,Intel,256.0,34768.0
1442,ASUS,15.6,i7,32.0,3.4,Nvidia,1024.0,109879.18
1443,SAMSUNG,15.6,i7,16.0,4.7,Intel,512.0,106599.18
1444,HP,15.6,i5,16.0,4.0,Intel,1024.0,54939.18
1445,SAMSUNG,11.6,i3,2.0,4.1,Intel,16.0,3196.36
1446,other,15.0,i7,16.0,5.0,Intel,1024.0,196718.0
1447,SAMSUNG,11.6,i3,4.0,4.1,Other,16.0,4099.18
1448,HP,14.0,celeron,4.0,3.3,Intel,64.0,23698.0
1449,SAMSUNG,11.0,i3,4.0,4.5,Intel,32.0,16399.18
1450,SAMSUNG,11.6,celeron,4.0,3.0,Intel,160.0,13447.18
1451,SAMSUNG,12.4,i3,64.0,4.7,Other,512.0,41240.26
1452,Dell,16.0,i7,16.0,3.9,Nvidia,512.0,103319.18
1453,Dell,15.6,i7,32.0,4.0,Intel,1024.0,91019.18
1454,Dell,15.6,ryzen7,32.0,3.4,Nvidia,1024.0,81999.18000000001
1455,Dell,14.0,i5,16.0,0.0,Intel,512.0,73718.0
1456,ASUS,15.6,i3,8.0,0.0,Intel,256.0,26978.0
1457,ASUS,14.0,i3,4.0,4.3,Intel,128.0,19101.9
1458,ASUS,17.3,i5,16.0,5.0,Intel,1024.0,47478.0
1459,ASUS,14.0,i3,4.0,4.3,Intel,128.0,14759.18
1460,ASUS,14.0,i3,8.0,4.7,Intel,64.0,16318.0
1461,ASUS,15.6,i7,16.0,5.0,Intel,512.0,90199.18
1462,ASUS,13.4,i7,16.0,4.3,Nvidia,512.0,111519.18
1463,EXCaliberPC,14.0,ryzen9,16.0,4.0,AMD,1024.0,135299.18
1464,ASUS,14.5,i5,32.0,3.8,Nvidia,1024.0,188599.18
1465,ASUS,15.6,i7,16.0,4.0,Intel,1024.0,55759.18
1466,SAMSUNG,15.6,i3,8.0,3.9,AMD,1024.0,38539.18
1467,SAMSUNG,11.6,i3,64.0,4.4,Intel,64.0,11439.82
1468,HP,15.6,i3,16.0,4.5,Intel,1024.0,43459.18
1469,other,15.6,celeron,6.0,4.0,Intel,128.0,18531.18
1470,SAMSUNG,11.6,celeron,4.0,4.4,Intel,16.0,7298.0
1471,SAMSUNG,15.6,i7,16.0,5.0,Intel,512.0,106518.0
1472,SAMSUNG,11.6,celeron,2.0,4.2,Intel,16.0,4099.18
1473,SAMSUNG,15.6,i5,16.0,0.0,Intel,256.0,114799.18
1474,SAMSUNG,15.6,i7,16.0,0.0,Intel,1024.0,113159.18
1475,Acer,12.0,celeron,4.0,0.0,Intel,32.0,13858.0
1476,SAMSUNG,11.6,celeron,4.0,3.5,Intel,16.0,9430.0
1477,Dell,11.6,i3,4.0,4.1,AMD,128.0,19598.0
1478,Dell,14.0,i5,16.0,0.0,Intel,512.0,129964.26
1479,Dell,15.6,i5,16.0,4.0,Intel,1024.0,59778.0
1480,Dell,15.6,i3,8.0,4.4,Intel,256.0,31078.0
1481,ASUS,15.6,i7,16.0,4.2,Nvidia,1024.0,81999.18000000001
1482,ASUS,14.0,celeron,4.0,4.2,Intel,128.0,16399.18
1483,ASUS,15.6,i7,16.0,4.5,Nvidia,1024.0,131199.18
1484,ASUS,14.0,i7,16.0,3.9,Intel,1024.0,134824.4
1485,ASUS,15.6,i7,16.0,4.5,Nvidia,1024.0,192428.58
1486,ASUS,15.6,ryzen7,16.0,4.2,Nvidia,512.0,94299.18
1487,ASUS,15.6,i7,16.0,4.4,Nvidia,512.0,73304.72
1488,ASUS,15.6,ryzen9,32.0,4.5,Nvidia,1024.0,147599.18
1489,ASUS,11.6,celeron,4.0,4.5,Intel,128.0,18778.0
1490,SAMSUNG,11.6,celeron,4.0,3.5,Intel,16.0,9430.0
1491,ASUS,14.0,i3,8.0,4.3,Intel,64.0,20418.0
1492,other,11.6,celeron,4.0,4.4,Intel,32.0,14678.0
1493,SAMSUNG,11.6,celeron,6.0,4.4,Intel,64.0,13038.0
1494,HP,14.0,celeron,4.0,4.5,Intel,64.0,26239.18
1495,SAMSUNG,15.6,celeron,4.0,4.4,Intel,32.0,12299.18
1496,other,11.0,celeron,4.0,0.0,Intel,16.0,4508.36
1497,Lenovo,14.0,ryzen5,16.0,4.5,AMD,256.0,57308.16
1498,SAMSUNG,13.3,i5,8.0,3.2,Intel,256.0,98807.54
1499,HP,14.0,ryzen3,8.0,4.4,AMD,256.0,32718.0
1500,SAMSUNG,14.0,i3,4.0,2.0,Other,64.0,15579.18
1501,SAMSUNG,15.6,i7,16.0,3.3,Intel,256.0,73718.0
1502,Dell,15.6,i9,32.0,0.0,Nvidia,1024.0,194664.72
1503,Dell,15.6,i7,16.0,4.0,Intel,1024.0,50430.0
1504,Dell,15.6,i5,12.0,4.2,Intel,256.0,33538.0
1505,Dell,13.3,i7,16.0,5.0,Intel,16.0,98318.0
1506,Dell,14.0,i7,16.0,0.0,Intel,256.0,129067.18
1507,Dell,16.0,i7,64.0,0.0,Intel,2048.0,155718.0
1508,ASUS,15.6,i5,8.0,5.0,Intel,512.0,45018.0
1509,ASUS,13.3,i7,16.0,4.5,Intel,512.0,88559.18000000001
1510,ASUS,14.0,i3,8.0,2.5,Intel,320.0,26158.0
1511,ASUS,14.0,celeron,4.0,4.3,Intel,128.0,14135.16
1512,ASUS,13.3,ryzen7,8.0,4.6,AMD,512.0,53382.0
1513,ASUS,14.0,i3,8.0,2.3,Intel,64.0,15498.0
1514,ASUS,15.6,celeron,4.0,4.7,Intel,128.0,19679.18
1515,ASUS,15.6,ryzen7,16.0,4.5,AMD,512.0,90118.0
1516,ASUS,15.6,i9,32.0,4.8,Intel,1024.0,245999.18
1517,ASUS,14.0,ryzen7,16.0,4.5,Nvidia,1024.0,98399.18
1518,Acer,15.6,i3,4.0,4.3,Intel,128.0,26157.18
1519,SAMSUNG,13.3,i7,8.0,4.5,Intel,512.0,60843.18
1520,SAMSUNG,15.6,i7,16.0,4.3,Intel,1024.0,106599.18
1521,SAMSUNG,15.6,celeron,4.0,4.2,Intel,32.0,21802.98
1522,SAMSUNG,13.3,i5,16.0,5.0,Intel,256.0,108210.48
1523,SAMSUNG,11.6,celeron,2.0,4.4,Intel,16.0,7128.26
1524,SAMSUNG,13.3,i3,8.0,3.7,Other,256.0,31078.0
1525,SAMSUNG,13.0,i7,16.0,5.0,Intel,512.0,90115.54
1526,SAMSUNG,12.2,i3,4.0,4.5,Intel,32.0,24518.0
1527,Dell,14.0,ryzen5,16.0,0.0,AMD,1024.0,57399.18
1528,Dell,14.0,i5,16.0,5.0,Intel,16.0,53218.0
1529,Dell,15.6,i5,16.0,4.6,Intel,256.0,43555.12
1530,Dell,15.6,i5,16.0,4.1,Intel,1024.0,46248.0
1531,Dell,15.6,i3,8.0,5.0,Intel,128.0,45919.18
1532,Dell,15.6,celeron,8.0,4.3,Intel,128.0,17138.0
1533,Dell,15.6,celeron,4.0,4.1,Intel,128.0,26239.18
1534,ASUS,17.3,i5,16.0,5.0,Intel,1024.0,47478.0
1535,ASUS,17.3,celeron,32.0,4.6,Intel,32.0,22878.0
1536,ASUS,14.0,ryzen9,16.0,4.5,AMD,1024.0,122171.8
1537,ASUS,14.0,i3,4.0,4.3,Intel,128.0,28699.18
1538,ASUS,17.3,celeron,4.0,4.4,Intel,64.0,20499.18
1539,ASUS,15.6,ryzen7,8.0,0.0,Nvidia,1024.0,65518.0
1540,ASUS,15.6,ryzen5,8.0,4.2,AMD,256.0,45099.18
1541,ASUS,15.6,i3,8.0,4.3,Intel,128.0,31947.2
1542,Lenovo,11.6,celeron,4.0,4.4,Intel,64.0,11224.98
1543,SAMSUNG,15.6,i7,16.0,4.4,Nvidia,1024.0,93232.36
1544,SAMSUNG,14.0,i7,16.0,5.0,Intel,1024.0,200900.0
1545,SAMSUNG,15.6,i7,16.0,3.9,Intel,512.0,61418.0
1546,SAMSUNG,13.3,i7,8.0,4.4,Intel,512.0,61500.0
1547,SAMSUNG,11.6,celeron,4.0,4.6,Intel,32.0,11398.0
1548,SAMSUNG,15.6,i5,8.0,4.4,Intel,512.0,53272.12
1549,Dell,15.6,ryzen3,16.0,3.7,AMD,512.0,44198.0
1550,HP,14.0,celeron,4.0,4.4,Intel,64.0,22135.9
1551,Dell,15.6,i5,16.0,3.8,Intel,512.0,49191.8
1552,Dell,15.6,i5,32.0,5.0,Intel,1024.0,54038.0
1553,Dell,17.0,i9,32.0,4.0,Nvidia,1024.0,303318.0
1554,Dell,17.0,i7,16.0,3.9,Nvidia,1024.0,147190.0
1555,Dell,14.0,ryzen7,8.0,4.3,AMD,512.0,52681.72
1556,ASUS,14.0,i3,8.0,4.7,Intel,128.0,25338.0
1557,ASUS,16.6,ryzen9,16.0,4.2,AMD,1024.0,143499.18
1558,ASUS,15.6,i7,16.0,4.4,Intel,512.0,85756.42
1559,ASUS,12.0,celeron,4.0,4.2,Intel,256.0,15498.0
1560,ASUS,14.0,i5,8.0,4.4,Intel,512.0,63846.02
1561,ASUS,14.0,i3,20.0,3.8,Intel,128.0,35095.18
1562,ASUS,15.6,ryzen5,16.0,0.0,Nvidia,512.0,56579.18
1563,ASUS,15.6,celeron,4.0,4.2,Intel,256.0,24599.18
1564,ASUS,14.0,celeron,4.0,4.0,Intel,64.0,13858.0
1565,ASUS,11.6,celeron,4.0,4.2,Intel,64.0,10045.0
1566,ASUS,14.0,celeron,4.0,4.4,Intel,64.0,18778.0
1567,SAMSUNG,11.6,celeron,4.0,4.0,Intel,32.0,10069.6
1568,SAMSUNG,14.0,i7,16.0,0.0,Intel,512.0,118899.18
1569,ASUS,14.0,ryzen7,8.0,3.9,AMD,512.0,57318.0
1570,SAMSUNG,15.6,i5,8.0,4.6,Intel,512.0,80278.0
1571,SAMSUNG,15.0,i5,8.0,4.1,Intel,256.0,51245.9
1572,SAMSUNG,13.3,i5,8.0,4.2,Intel,256.0,57318.0
1573,SAMSUNG,12.2,celeron,4.0,4.1,Intel,1024.0,15579.18
1574,Dell,15.0,i9,32.0,0.0,Intel,32.0,163918.0
1575,SAMSUNG,15.6,celeron,4.0,4.4,Intel,64.0,19188.0
1576,Dell,15.6,i5,32.0,4.9,Intel,512.0,42640.0
1577,Dell,13.3,i7,16.0,0.0,Intel,1024.0,73718.0
1578,Dell,15.6,i5,16.0,3.8,Intel,1024.0,49118.0
1579,Dell,14.0,i7,32.0,0.0,Intel,32.0,86099.18000000001
1580,Dell,14.0,i5,16.0,0.0,Intel,512.0,79786.0
1581,Dell,15.6,i5,16.0,5.0,Intel,1024.0,52398.0
1582,Dell,15.6,i3,8.0,4.1,Intel,256.0,33693.8
1583,ASUS,15.6,ryzen7,16.0,0.0,Nvidia,1024.0,106599.18
1584,ASUS,14.0,celeron,4.0,4.4,Intel,320.0,18859.18
1585,ASUS,15.6,ryzen7,8.0,4.8,Nvidia,512.0,51659.18
1586,ASUS,15.6,ryzen3,16.0,4.3,AMD,256.0,29438.0
1587,ASUS,11.6,celeron,4.0,4.4,Intel,256.0,15497.18
1588,ASUS,11.6,celeron,4.0,4.4,Intel,64.0,12382.0
1589,ASUS,16.0,ryzen5,16.0,4.0,AMD,512.0,57399.18
1590,ASUS,14.0,ryzen5,8.0,4.2,AMD,512.0,48216.0
1591,ASUS,15.6,ryzen5,8.0,4.7,AMD,512.0,61409.8
1592,ASUS,14.5,i7,12.0,3.6,Intel,512.0,65968.18000000001
1593,ASUS,15.6,celeron,4.0,4.4,Intel,128.0,15989.18
1594,ASUS,14.0,celeron,4.0,4.3,Intel,32.0,11644.0
1595,ASUS,17.3,i7,16.0,4.5,Intel,1024.0,81999.18000000001
1596,SAMSUNG,13.3,i5,8.0,4.2,Intel,256.0,80275.54000000001
1597,SAMSUNG,13.3,i7,8.0,4.2,Intel,512.0,57399.18
1598,SAMSUNG,13.3,i7,8.0,4.5,Intel,512.0,81918.0
1599,SAMSUNG,15.6,i7,16.0,4.3,Intel,512.0,79535.90000000001
1600,SAMSUNG,15.6,i5,8.0,4.2,Intel,512.0,65518.0
1601,SAMSUNG,11.6,celeron,4.0,4.5,Intel,32.0,14678.0
1602,SAMSUNG,13.0,i5,16.0,4.7,Intel,512.0,86099.18000000001
1603,Dell,15.6,i7,32.0,4.5,Intel,1024.0,91074.12
1604,SAMSUNG,11.6,celeron,4.0,4.4,Intel,32.0,8609.18
1605,Dell,15.6,i5,12.0,4.3,Intel,256.0,37720.0
1606,Dell,15.6,celeron,16.0,4.3,Intel,1024.0,37638.0
1607,Dell,16.0,i5,8.0,4.2,Intel,512.0,49118.0
1608,ASUS,15.6,i5,20.0,4.2,Intel,1024.0,60598.0
1609,Dell,15.6,ryzen5,32.0,4.6,AMD,1024.0,48453.8
1610,ASUS,14.0,i3,4.0,4.4,Intel,128.0,21238.0
1611,ASUS,15.6,ryzen7,16.0,4.7,Nvidia,1024.0,102003.08
1612,ASUS,13.3,i7,16.0,4.4,Intel,1024.0,104058.0
1613,ASUS,14.0,i7,8.0,4.4,Intel,512.0,58628.36
1614,ASUS,15.6,i7,16.0,0.0,Intel,512.0,68302.72
1615,ASUS,14.0,celeron,4.0,4.5,Intel,128.0,17138.0
1616,ASUS,11.6,celeron,4.0,4.3,Intel,64.0,11480.0
1617,ASUS,15.6,i3,8.0,4.5,Intel,128.0,27387.18
1618,ASUS,15.6,i3,20.0,4.3,Intel,1024.0,38458.0
1619,ASUS,15.6,i3,20.0,4.4,Intel,1024.0,40999.18
1620,ASUS,15.6,i5,12.0,4.2,Intel,512.0,52143.8
1621,Dell,15.6,i3,16.0,4.2,Intel,128.0,36818.0
1622,Dell,13.3,i3,16.0,3.7,Intel,512.0,46248.0
1623,Dell,16.0,i7,16.0,3.4,Intel,1024.0,57372.12
1624,Dell,15.6,celeron,4.0,4.3,Intel,128.0,18445.9
1625,Dell,15.6,i5,12.0,4.3,Intel,256.0,35998.0
1626,Dell,15.6,i5,16.0,4.3,Intel,256.0,67076.0
1627,Dell,15.6,i5,32.0,4.4,Intel,1024.0,53659.98
1628,Dell,15.6,i5,32.0,4.4,Intel,1024.0,53659.98
1629,Dell,15.6,i5,16.0,3.9,Intel,512.0,38539.18
1630,HP,14.0,celeron,4.0,4.3,Intel,64.0,23698.0
1631,Dell,15.6,i5,16.0,4.3,Intel,512.0,38458.0
1632,Dell,15.6,i5,12.0,4.3,Intel,256.0,37720.0
1633,Dell,15.6,celeron,8.0,4.4,Intel,128.0,30750.0
1634,Dell,15.6,i5,16.0,4.3,Intel,512.0,38458.0
1635,ASUS,15.6,i3,12.0,4.2,Intel,128.0,32798.36
1636,ASUS,16.0,ryzen9,32.0,4.4,Nvidia,1024.0,135299.18
1637,Dell,15.6,i5,32.0,4.3,Intel,1024.0,43459.18
1638,ASUS,15.0,i5,8.0,4.5,Intel,512.0,54091.3
1639,ASUS,16.0,ryzen9,64.0,4.4,Nvidia,2048.0,196799.18
1640,ASUS,14.0,i3,4.0,4.4,Intel,128.0,20336.0
1641,ASUS,15.6,i3,20.0,4.3,Intel,512.0,40918.0
1642,ASUS,14.0,celeron,4.0,4.3,Intel,320.0,20499.18
1643,ASUS,15.6,i7,16.0,4.5,Nvidia,512.0,105698.0
1644,ASUS,15.6,celeron,4.0,4.2,Intel,64.0,14759.18
1645,ASUS,14.0,celeron,4.0,4.3,Intel,64.0,14266.36
1646,ASUS,11.6,celeron,4.0,4.0,Intel,64.0,10659.18
1647,ASUS,15.6,ryzen9,16.0,4.0,Nvidia,1024.0,98399.18
1648,SAMSUNG,13.3,i7,8.0,4.3,Intel,512.0,81918.0
1649,ASUS,11.6,celeron,4.0,4.1,Intel,32.0,17046.16
1650,Acer,15.6,i7,16.0,4.5,Intel,512.0,48298.0
1651,other,14.0,celeron,64.0,3.7,Intel,64.0,16318.0
1652,ASUS,11.6,celeron,4.0,4.1,Intel,32.0,17046.16
1653,ASUS,15.6,ryzen7,16.0,4.4,Nvidia,512.0,89705.54000000001
1654,Acer,14.0,i3,4.0,4.4,Intel,128.0,24518.0
1655,ASUS,15.6,i3,20.0,4.3,Intel,512.0,40918.0
1656,ASUS,15.6,i3,8.0,4.4,Intel,128.0,24599.18
1657,ASUS,15.6,i5,8.0,4.6,Intel,512.0,50429.18
1658,ASUS,14.0,celeron,4.0,4.2,Intel,64.0,10659.18
1659,SAMSUNG,15.6,i7,16.0,0.0,Intel,1024.0,113159.18
1660,ASUS,15.6,celeron,4.0,4.2,Intel,64.0,14759.18
1661,HP,14.0,celeron,16.0,4.2,Intel,64.0,30258.0
1662,SAMSUNG,12.2,celeron,4.0,0.0,Intel,64.0,22139.18
1663,HP,14.0,celeron,4.0,4.4,Intel,64.0,19671.8
1664,Microsoft,15.0,i7,32.0,4.6,Other,1024.0,159816.36000000002
1665,SAMSUNG,12.2,celeron,4.0,4.4,Intel,64.0,16399.18
1666,Lenovo,14.0,i3,4.0,3.9,AMD,64.0,10659.18
1667,ASUS,11.6,celeron,4.0,4.3,Intel,64.0,11480.0
1668,HP,15.6,i3,16.0,4.2,AMD,1024.0,45099.18
1669,ASUS,14.0,celeron,4.0,4.3,Intel,320.0,20499.18
1670,HP,14.0,celeron,4.0,4.4,Intel,64.0,22135.9
1671,Microsoft,12.4,i5,8.0,4.6,Intel,256.0,35882.38
1672,CHUWI,14.1,celeron,8.0,3.9,Intel,256.0,19679.18
1673,Microsoft,13.5,i5,8.0,4.3,Intel,256.0,58957.18
1674,Microsoft,15.0,ryzen7,8.0,4.8,AMD,512.0,96759.18
1675,Microsoft,12.4,i5,8.0,4.2,Intel,128.0,34358.0
1676,Microsoft,15.0,i5,8.0,4.2,Intel,128.0,51496.0
1677,Microsoft,14.4,i5,16.0,4.5,Intel,512.0,106517.18
1678,Microsoft,13.5,ryzen5,8.0,4.3,AMD,128.0,62721.8
1679,Microsoft,10.5,i3,4.0,4.5,Intel,64.0,22863.24
1680,Microsoft,13.5,i5,8.0,4.5,Intel,128.0,63878.0
1681,Microsoft,12.3,i5,16.0,4.5,Intel,1024.0,57397.54
1682,Microsoft,13.5,i7,16.0,4.5,Intel,256.0,46001.18
1683,HP,14.0,i3,4.0,4.3,AMD,64.0,19268.36
1684,Lenovo,11.6,i3,4.0,4.5,Other,64.0,16318.0
1685,Microsoft,13.5,i5,8.0,4.7,Intel,512.0,81999.18000000001
1686,other,11.6,celeron,4.0,4.3,Intel,64.0,10249.18
1687,HP,14.0,celeron,8.0,4.3,Intel,64.0,28699.18
1688,HP,14.0,celeron,4.0,4.2,Intel,64.0,24518.0
1689,ASUS,15.6,celeron,4.0,4.0,Intel,128.0,24518.0
1690,Microsoft,12.4,i5,8.0,0.0,Intel,512.0,63139.18
1691,Microsoft,13.5,i5,8.0,4.5,Intel,256.0,30340.0
1692,other,15.6,celeron,16.0,4.7,Intel,512.0,32799.18
1693,HP,15.6,i3,8.0,4.4,Intel,128.0,31898.0
1694,Microsoft,13.5,i5,16.0,0.0,Intel,512.0,122999.18
1695,HP,15.6,i5,16.0,4.0,Intel,1024.0,54939.18
1696,Lenovo,11.6,celeron,4.0,4.1,Intel,64.0,13038.0
1697,Microsoft,12.3,i3,4.0,4.3,Intel,128.0,42215.240000000005
1698,HP,14.0,celeron,4.0,4.0,Intel,64.0,12218.0
1699,ASUS,14.0,i3,4.0,4.4,Intel,128.0,20336.0
1700,CHUWI,13.0,celeron,8.0,4.1,Intel,256.0,22058.0
1701,HP,17.3,i5,8.0,4.5,Intel,256.0,43378.0
1702,Acer,15.6,i3,4.0,4.3,Intel,128.0,26157.18
1703,ASUS,12.0,celeron,4.0,4.2,Intel,256.0,15498.0
1704,Microsoft,15.0,ryzen7,8.0,4.6,AMD,512.0,94180.28
1705,HP,15.6,i3,16.0,4.8,AMD,512.0,36818.0
1706,Microsoft,14.4,i7,16.0,0.0,Nvidia,16.0,189420.0
1707,Microsoft,13.5,i7,8.0,4.4,Intel,256.0,114718.0
1708,other,14.1,celeron,4.0,4.0,Intel,64.0,22545.9
1709,HP,14.0,i3,8.0,4.3,AMD,64.0,34358.0
1710,Microsoft,13.5,i7,16.0,0.0,Other,16.0,120530.98
1711,Microsoft,10.0,i3,8.0,4.4,Intel,128.0,15908.0
1712,HP,15.0,i3,8.0,4.5,AMD,256.0,35178.0
1713,Microsoft,13.5,i5,8.0,0.0,AMD,128.0,61413.08
1714,ASUS,14.0,celeron,4.0,4.3,Intel,64.0,26239.18
1715,HP,14.0,celeron,16.0,4.2,Intel,64.0,30258.0
1716,Microsoft,13.5,ryzen5,16.0,4.5,AMD,256.0,97168.36
1717,Microsoft,13.0,i5,8.0,4.0,Intel,256.0,63959.18
1718,HP,14.0,celeron,4.0,4.5,Intel,64.0,26239.18
1719,Microsoft,12.3,i3,8.0,4.4,Intel,128.0,44306.240000000005
1720,SAMSUNG,11.6,celeron,4.0,4.4,Intel,64.0,13110.16
1721,Lenovo,14.0,i3,4.0,4.3,Other,64.0,11070.0
1722,Lenovo,14.0,ryzen5,16.0,4.5,AMD,256.0,57308.16
1723,Microsoft,13.5,i7,16.0,5.0,Nvidia,1024.0,190479.44
1724,Microsoft,13.0,i7,16.0,4.5,Intel,256.0,79663.81999999999
1725,Microsoft,15.0,i7,16.0,3.9,Nvidia,256.0,65608.2
1726,Microsoft,13.0,i5,8.0,4.4,Intel,256.0,67230.98
1727,other,10.1,i3,4.0,3.2,Intel,64.0,8036.0
1728,Microsoft,13.0,i7,16.0,4.3,Intel,1024.0,168320.58000000002
1729,Microsoft,15.0,ryzen7,16.0,4.1,AMD,512.0,72570.0
1730,Microsoft,15.0,ryzen7,16.0,4.2,AMD,512.0,131642.80000000002
1731,Acer,15.6,ryzen3,4.0,4.5,AMD,128.0,24518.0
1732,Microsoft,15.0,i7,32.0,4.3,Nvidia,2048.0,229599.18
1733,ASUS,14.0,i3,8.0,4.3,Intel,64.0,20418.0
1734,Microsoft,12.4,i5,64.0,3.0,Intel,64.0,34439.18
1735,HP,14.0,i3,4.0,4.4,AMD,64.0,14678.0
1736,Microsoft,15.0,i7,32.0,4.2,Nvidia,1024.0,187482.34
1737,Lenovo,13.3,i3,4.0,4.4,Intel,64.0,19679.18
1738,other,15.6,celeron,8.0,4.2,Intel,256.0,28618.0
1739,Microsoft,13.5,i5,8.0,3.9,Intel,128.0,43378.0
1740,Microsoft,13.5,i7,16.0,4.4,Intel,512.0,72570.0
1741,Microsoft,12.3,i3,8.0,4.4,Intel,256.0,40180.0
1742,HP,15.6,i3,16.0,4.0,Intel,512.0,45018.0
1743,Microsoft,15.0,ryzen5,8.0,4.3,AMD,256.0,40098.0
1744,Microsoft,13.0,i5,16.0,3.6,Other,256.0,57399.18
1745,Microsoft,12.3,i7,16.0,0.0,Intel,256.0,123247.64
1746,Microsoft,12.4,i3,8.0,0.0,Intel,256.0,43716.66
1747,Dell,13.3,i5,8.0,4.2,Intel,512.0,53218.0
1748,Microsoft,13.5,i5,8.0,4.4,Intel,1024.0,134266.80000000002
1749,ASUS,17.3,i5,20.0,4.2,Intel,512.0,41738.0
1750,Microsoft,12.4,i5,8.0,4.1,Intel,512.0,65599.18000000001
1751,Microsoft,13.5,i7,8.0,4.4,Intel,256.0,114718.0
1752,HP,14.0,i3,8.0,4.3,AMD,64.0,34358.0
1753,Microsoft,13.5,i7,16.0,0.0,Other,16.0,120530.98
1754,Microsoft,14.4,i7,16.0,1.0,Other,512.0,163999.18
1755,Microsoft,12.4,i5,8.0,4.6,Intel,512.0,57399.18
1756,HP,11.6,celeron,4.0,4.2,Intel,32.0,11069.18
1757,Microsoft,12.4,i3,4.0,0.0,Intel,64.0,22796.0
1758,CHUWI,13.0,celeron,8.0,4.1,Intel,256.0,24518.0
1759,Microsoft,12.4,i5,16.0,3.9,Intel,256.0,45510.0
1760,other,15.6,celeron,4.0,3.8,Intel,128.0,19679.18
1761,ASUS,15.6,celeron,4.0,4.2,Intel,256.0,24599.18
1762,Microsoft,12.4,i5,4.0,0.0,Intel,64.0,28699.18
1763,Microsoft,10.51,i3,4.0,4.3,Intel,64.0,30340.0
1764,HP,11.6,celeron,4.0,4.3,Intel,64.0,14759.18
1765,Microsoft,13.5,i5,8.0,4.3,Intel,256.0,64370.0
1766,HP,11.6,celeron,4.0,4.5,Intel,64.0,13038.0
1767,Microsoft,13.5,i7,16.0,0.0,Intel,512.0,114799.18
1768,SAMSUNG,11.6,celeron,4.0,4.5,Intel,32.0,14678.0
1769,HP,14.0,celeron,4.0,4.3,Intel,64.0,23698.0
1770,SAMSUNG,15.6,i7,16.0,4.3,Intel,512.0,91353.74
1771,SAMSUNG,15.6,i7,16.0,4.3,Nvidia,512.0,106518.0
1772,SAMSUNG,14.0,celeron,4.0,4.2,Other,32.0,17453.7
1773,SAMSUNG,15.6,i7,16.0,4.4,Intel,512.0,55678.0
1774,SAMSUNG,15.6,i7,8.0,3.9,Intel,256.0,40918.0
1775,SAMSUNG,14.0,i3,4.0,4.3,Other,128.0,25419.18
1776,SAMSUNG,13.3,i3,8.0,4.4,Intel,128.0,40918.0
1777,SAMSUNG,11.6,celeron,4.0,4.5,Intel,32.0,11070.0
1778,SAMSUNG,12.2,celeron,4.0,4.5,Intel,32.0,16372.12
1779,SAMSUNG,15.6,i5,8.0,4.2,Intel,512.0,65518.0
1780,SAMSUNG,15.6,i7,16.0,4.3,Intel,512.0,110618.0
1781,SAMSUNG,13.3,i7,8.0,4.3,Intel,512.0,81918.0
1782,SAMSUNG,15.6,i7,16.0,4.3,Intel,512.0,91353.74
1783,SAMSUNG,14.0,i7,16.0,0.0,Intel,512.0,118899.18
1784,SAMSUNG,16.0,i7,16.0,0.0,Intel,1024.0,143499.18
1785,SAMSUNG,14.0,i7,16.0,0.0,Intel,512.0,118899.18
1786,SAMSUNG,15.6,i7,16.0,4.3,Intel,512.0,91353.74
1787,other,14.1,celeron,4.0,4.0,Intel,64.0,22545.9
1788,Microsoft,10.5,i3,4.0,4.5,Intel,64.0,22863.24
1789,Microsoft,15.0,i3,8.0,0.0,AMD,128.0,36900.0
1790,Microsoft,12.45,i5,8.0,4.5,Intel,256.0,58219.18
1791,Microsoft,12.4,i5,4.0,4.8,Intel,128.0,24599.18
1792,Microsoft,14.4,i7,16.0,1.0,Other,512.0,163999.18
1793,Microsoft,12.4,i5,4.0,4.8,Intel,256.0,27059.18
1794,Microsoft,12.4,i5,64.0,3.0,Intel,64.0,34439.18
1795,Microsoft,12.4,i5,4.0,4.2,Intel,64.0,21565.18
1796,Microsoft,12.4,i5,4.0,4.2,Intel,64.0,21565.18
1797,Microsoft,12.4,i5,4.0,4.2,Intel,64.0,21565.18
1798,Microsoft,12.4,i5,4.0,4.4,Intel,64.0,20909.18
1799,GIGABYTE,15.6,i5,16.0,0.0,Nvidia,512.0,65317.1
1800,MSI,15.6,i7,32.0,5.0,Nvidia,1024.0,118899.18
1803,Panasonic,13.1,i5,16.0,0.0,Intel,1024.0,377199.18
1805,other,14.0,celeron,4.0,3.6,Intel,128.0,16318.0
1806,HP,15.6,i7,16.0,4.4,Intel,512.0,49118.0
1807,other,14.0,celeron,4.0,3.6,Intel,128.0,16318.0
1808,other,14.0,celeron,4.0,3.6,Intel,128.0,16318.0
1809,SAMSUNG,15.6,i7,32.0,4.1,Intel,1024.0,147599.18
